Name,Date time,Temperature,Wind Chill,Heat Index,Chance Precipitation (%),Precipitation,Snow,Snow Depth,Wind Speed,Wind Direction,Wind Gust,Visibility,Cloud Cover,Relative Humidity,Conditions
"Champaign, IL, United States",04/22/2021 11:00:00,45.9,40.1,,0,0,0,0,12.8,280,17.2,15,5,39,Clear
"Champaign, IL, United States",04/22/2021 12:00:00,49.9,45.1,,0,0,0,0,12.8,280,18.3,15,7,34,Clear
"Champaign, IL, United States",04/22/2021 13:00:00,51,,,0,0,0,0,12.8,280,18.3,15,9,33,Clear
"Champaign, IL, United States",04/22/2021 14:00:00,53,,,0,0,0,0,12.8,280,18.3,15,8,32,Clear
"Champaign, IL, United States",04/22/2021 15:00:00,54.1,,,0,0,0,0,12.8,280,17.2,15,8,31,Clear
"Champaign, IL, United States",04/22/2021 16:00:00,54.1,,,0,0,0,0,11.4,280,15,15,7,32,Clear
"Champaign, IL, United States",04/22/2021 17:00:00,54.9,,,0,0,0,0,9.2,270,13.9,15,7,33,Clear
"Champaign, IL, United States",04/22/2021 18:00:00,54.1,,,0,0,0,0,8.1,250,11.4,15,7,35,Clear
"Champaign, IL, United States",04/22/2021 19:00:00,51,46.2,,0,0,0,0,6.9,250,9.2,15,8,41,Clear
"Champaign, IL, United States",04/22/2021 20:00:00,45.9,43,,0,0,0,0,5.8,240,8.1,15,11,50,Clear
"Champaign, IL, United States",04/22/2021 21:00:00,44,40.6,,0,0,0,0,5.8,220,8.1,15,14,53,Clear
"Champaign, IL, United States",04/22/2021 22:00:00,42,38.2,,0,0,0,0,5.8,210,8.1,15,18,60,Clear
"Champaign, IL, United States",04/22/2021 23:00:00,40.9,37,,0,0,0,0,5.8,210,8.1,15,34,62,Partially cloudy
"Champaign, IL, United States",04/23/2021 00:00:00,40,35.9,,0,0,0,0,5.8,210,8.1,15,49,64,Partially cloudy
"Champaign, IL, United States",04/23/2021 01:00:00,40,35.2,,0,0,0,0,6.9,200,9.2,15,65,65,Partially cloudy
"Champaign, IL, United States",04/23/2021 02:00:00,40,35.2,,0,0,0,0,6.9,200,9.2,15,69,64,Partially cloudy
"Champaign, IL, United States",04/23/2021 03:00:00,40,35.2,,0,0,0,0,6.9,200,9.2,15,73,65,Partially cloudy
"Champaign, IL, United States",04/23/2021 04:00:00,40,35.2,,0,0,0,0,6.9,200,10.3,15,76,65,Overcast
"Champaign, IL, United States",04/23/2021 05:00:00,40,35.2,,0,0,0,0,6.9,200,10.3,15,74,67,Partially cloudy
"Champaign, IL, United States",04/23/2021 06:00:00,38.9,33.3,,0,0,0,0,8.1,200,10.3,15,71,73,Partially cloudy
"Champaign, IL, United States",04/23/2021 07:00:00,40,34.6,,0,0,0,0,8.1,190,11.4,15,69,72,Partially cloudy
"Champaign, IL, United States",04/23/2021 08:00:00,43.1,37.3,,0,0,0,0,10.3,190,13.9,15,67,68,Partially cloudy
"Champaign, IL, United States",04/23/2021 09:00:00,45.9,40.5,,0,0,0,0,11.4,190,16.1,15,64,66,Partially cloudy
"Champaign, IL, United States",04/23/2021 10:00:00,49.9,44.8,,0,0,0,0,13.9,180,20.8,15,62,59,Partially cloudy
"Champaign, IL, United States",04/23/2021 11:00:00,52.1,,,0,0,0,0,15,180,21.9,15,64,56,Partially cloudy
"Champaign, IL, United States",04/23/2021 12:00:00,54.1,42.9,,0,0,0,0,16.1,190,23,15,66,52,Partially cloudy
"Champaign, IL, United States",04/23/2021 13:00:00,56,41.7,,0,0,0,0,16.1,190,23,15,68,51,Partially cloudy
"Champaign, IL, United States",04/23/2021 14:00:00,56.9,41.5,,57,0,0,0,16.1,190,23,15,70,49,"Rain, Partially cloudy"
"Champaign, IL, United States",04/23/2021 15:00:00,56.9,42,,57,0,0,0,15,180,21.9,15,73,53,"Rain, Partially cloudy"
"Champaign, IL, United States",04/23/2021 16:00:00,56.9,42.8,,57,0,0,0,13.9,180,20.8,15,75,55,"Rain, Partially cloudy"
"Champaign, IL, United States",04/23/2021 17:00:00,56,43.6,,57,0,0,0,12.8,180,19.5,15,78,59,"Rain, Overcast"
"Champaign, IL, United States",04/23/2021 18:00:00,54.9,43.5,,57,0.01,0,0,10.3,170,18.3,15,81,64,"Rain, Overcast"
"Champaign, IL, United States",04/23/2021 19:00:00,54.1,44.4,,57,0,0,0,9.2,170,17.2,15,84,69,"Rain, Overcast"
"Champaign, IL, United States",04/23/2021 20:00:00,52.6,43.4,,71.4,0.06,0,0,8.7,163.3,17.2,2.4,84,69,"Rain, Overcast"
"Champaign, IL, United States",04/23/2021 21:00:00,51.3,42.1,,71.4,0.11,0,0,8.5,156.7,17.2,3.4,85,69,"Rain, Overcast"
"Champaign, IL, United States",04/23/2021 22:00:00,49.9,46.6,,71.4,0.03,0,0,8.1,150,17.2,12.8,85,80,"Rain, Overcast"
"Champaign, IL, United States",04/23/2021 23:00:00,49.5,46.2,,71.4,0.03,0,0,8.1,150,16.8,7.6,86,80,"Rain, Overcast"
"Champaign, IL, United States",04/24/2021 00:00:00,49.4,46,,71.4,0.02,0,0,8.1,150,16.6,8.4,87,80,"Rain, Overcast"
"Champaign, IL, United States",04/24/2021 01:00:00,49,45.5,,71.4,0.01,0,0,8.1,150,16.1,15,88,86,"Rain, Overcast"
"Champaign, IL, United States",04/24/2021 02:00:00,49,45.7,,85.6,0,0,0,7.6,150,16.1,15,88,86,"Rain, Overcast"
"Champaign, IL, United States",04/24/2021 03:00:00,49,45.8,,85.6,0.02,0,0,7.4,150,16.1,15,87,86,"Rain, Overcast"
"Champaign, IL, United States",04/24/2021 04:00:00,49,46,,85.6,0,0,0,6.9,150,16.1,11.9,87,89,"Rain, Overcast"
"Champaign, IL, United States",04/24/2021 05:00:00,48.6,45.8,,85.6,0.03,0,0,6.5,143.3,15.7,6.3,87,89,"Rain, Overcast"
"Champaign, IL, United States",04/24/2021 06:00:00,48.3,45.5,,85.6,0.02,0,0,6.3,136.7,15.4,6.5,87,89,"Rain, Overcast"
"Champaign, IL, United States",04/24/2021 07:00:00,47.9,45.3,,85.6,0.04,0,0,5.8,130,15,15,87,92,"Rain, Overcast"
"Champaign, IL, United States",04/24/2021 08:00:00,49,46.6,,85.6,0.02,0,0,5.8,113.3,14.5,5.7,86,92,"Rain, Overcast"
"Champaign, IL, United States",04/24/2021 09:00:00,49.9,47.7,,85.6,0.04,0,0,5.8,96.7,14.3,10.1,85,92,"Rain, Overcast"
"Champaign, IL, United States",04/24/2021 10:00:00,51,47.6,,85.6,0.02,0,0,5.8,80,13.9,9.1,84,90,"Rain, Overcast"
"Champaign, IL, United States",04/24/2021 11:00:00,52.1,,,85.6,0,0,0,6.5,56.7,13.9,5.5,83,90,"Rain, Overcast"
"Champaign, IL, United States",04/24/2021 12:00:00,53,,,85.6,0.01,0,0,7.4,33.3,13.9,14.9,81,90,"Rain, Overcast"
"Champaign, IL, United States",04/24/2021 13:00:00,54.1,,,85.6,0.02,0,0,8.1,10,13.9,9.9,80,80,"Rain, Overcast"
"Champaign, IL, United States",04/24/2021 14:00:00,54.8,,,23.7,0.08,0,0,9.2,123.3,14.5,4.3,77,80,Overcast
"Champaign, IL, United States",04/24/2021 15:00:00,55.3,,,23.7,0.02,0,0,10.3,236.7,15.4,13,73,80,Partially cloudy
"Champaign, IL, United States",04/24/2021 16:00:00,56,44.8,,23.7,0,0,0,11.4,350,16.1,15,70,74,Partially cloudy
"Champaign, IL, United States",04/24/2021 17:00:00,55.3,44,,23.7,0,0,0,11,346.7,17.2,15,66,74,Partially cloudy
"Champaign, IL, United States",04/24/2021 18:00:00,54.8,44.3,,23.7,0,0,0,10.7,343.3,18.3,15,62,74,Partially cloudy
"Champaign, IL, United States",04/24/2021 19:00:00,54.1,,,23.7,0,0,0,10.3,340,19.5,15,58,75,Partially cloudy
"Champaign, IL, United States",04/24/2021 20:00:00,52.6,45.4,,0,0,0,0,10.3,336.7,19,15,51,75,Partially cloudy
"Champaign, IL, United States",04/24/2021 21:00:00,51,43.1,,0,0,0,0,10.3,333.3,18.8,15,43,75,Partially cloudy
"Champaign, IL, United States",04/24/2021 22:00:00,49.5,45.4,,0,0,0,0,10.3,330,18.3,15,36,75,Partially cloudy
"Champaign, IL, United States",04/24/2021 23:00:00,48.1,43.6,,0,0,0,0,10.3,326.7,17.9,15,29,75,Partially cloudy
"Champaign, IL, United States",04/25/2021 00:00:00,46.5,41.6,,0,0,0,0,10.3,323.3,17.7,15,21,75,Clear
"Champaign, IL, United States",04/25/2021 01:00:00,45,39.8,,0,0,0,0,10.3,320,17.2,15,14,82,Clear
"Champaign, IL, United States",04/25/2021 02:00:00,44.1,38.8,,0,0,0,0,9.8,266.7,16.8,15,18,82,Clear
"Champaign, IL, United States",04/25/2021 03:00:00,43.4,38.2,,0,0,0,0,9.2,213.3,16.6,15,23,82,Clear
"Champaign, IL, United States",04/25/2021 04:00:00,42.5,37.3,,0,0,0,0,8.7,160,16.1,15,27,82,Partially cloudy
"Champaign, IL, United States",04/25/2021 05:00:00,41.6,36.5,,0,0,0,0,8.1,106.7,15.7,15,31,82,Partially cloudy
"Champaign, IL, United States",04/25/2021 06:00:00,40.9,35.9,,0,0,0,0,7.6,53.3,15.4,15,36,82,Partially cloudy
"Champaign, IL, United States",04/25/2021 07:00:00,40,35.2,,0,0,0,0,6.9,0,15,15,40,82,Partially cloudy
"Champaign, IL, United States",04/25/2021 08:00:00,42.7,38.4,,0,0,0,0,6.9,8.3,14.8,15,37,82,Partially cloudy
"Champaign, IL, United States",04/25/2021 09:00:00,45.4,41.7,,0,0,0,0,6.9,16.7,14.5,15,34,82,Partially cloudy
"Champaign, IL, United States",04/25/2021 10:00:00,48.1,44.9,,0,0,0,0,6.9,25,14.5,15,31,82,Partially cloudy
"Champaign, IL, United States",04/25/2021 11:00:00,50.6,46.4,,0,0,0,0,6.9,33.3,14.3,15,27,82,Partially cloudy
"Champaign, IL, United States",04/25/2021 12:00:00,53.3,,,0,0,0,0,6.9,41.7,14.1,15,24,82,Clear
"Champaign, IL, United States",04/25/2021 13:00:00,56,,,0,0,0,0,6.9,50,13.9,15,21,51,Clear
"Champaign, IL, United States",04/25/2021 14:00:00,56,,,0,0,0,0,7.4,61.7,13.6,15,23,51,Clear
"Champaign, IL, United States",04/25/2021 15:00:00,56,,,0,0,0,0,7.6,73.3,13.4,15,26,51,Partially cloudy
"Champaign, IL, United States",04/25/2021 16:00:00,56,,,0,0,0,0,8.1,85,13.4,15,28,51,Partially cloudy
"Champaign, IL, United States",04/25/2021 17:00:00,56,,,0,0,0,0,8.5,96.7,13.2,15,30,51,Partially cloudy
"Champaign, IL, United States",04/25/2021 18:00:00,56,,,0,0,0,0,8.7,108.3,13,15,33,51,Partially cloudy
"Champaign, IL, United States",04/25/2021 19:00:00,56,,,0,0,0,0,9.2,120,12.8,15,35,51,Partially cloudy
"Champaign, IL, United States",04/25/2021 20:00:00,54.4,45.3,,0,0,0,0,9.2,121.7,13.4,15,37,51,Partially cloudy
"Champaign, IL, United States",04/25/2021 21:00:00,52.6,43.1,,0,0,0,0,9.2,123.3,13.9,15,38,51,Partially cloudy
"Champaign, IL, United States",04/25/2021 22:00:00,51,42.7,,0,0,0,0,9.2,125,14.5,15,40,51,Partially cloudy
"Champaign, IL, United States",04/25/2021 23:00:00,49.4,45.5,,0,0,0,0,9.2,126.7,15,15,41,51,Partially cloudy
"Champaign, IL, United States",04/26/2021 00:00:00,47.6,43.3,,0,0,0,0,9.2,128.3,15.7,15,43,51,Partially cloudy
"Champaign, IL, United States",04/26/2021 01:00:00,45.9,41.3,,0,0,0,0,9.2,130,16.1,15,44,68,Partially cloudy
"Champaign, IL, United States",04/26/2021 02:00:00,45.9,41.2,,0,0,0,0,9.6,133.3,16.6,15,42,68,Partially cloudy
"Champaign, IL, United States",04/26/2021 03:00:00,45.9,41.1,,0,0,0,0,9.8,136.7,16.8,15,39,68,Partially cloudy
"Champaign, IL, United States",04/26/2021 04:00:00,45.9,40.9,,0,0,0,0,10.3,140,17.2,15,37,68,Partially cloudy
"Champaign, IL, United States",04/26/2021 05:00:00,45.9,40.8,,0,0,0,0,10.7,143.3,17.7,15,35,68,Partially cloudy
"Champaign, IL, United States",04/26/2021 06:00:00,45.9,40.7,,0,0,0,0,11,146.7,17.9,15,32,68,Partially cloudy
"Champaign, IL, United States",04/26/2021 07:00:00,45.9,40.5,,0,0,0,0,11.4,150,18.3,15,30,73,Partially cloudy
"Champaign, IL, United States",04/26/2021 08:00:00,49.9,45,,0,0,0,0,13,155,20.1,15,29,73,Partially cloudy
"Champaign, IL, United States",04/26/2021 09:00:00,54.1,,,0,0,0,0,14.5,160,21.9,15,28,73,Partially cloudy
"Champaign, IL, United States",04/26/2021 10:00:00,58,,,0,0,0,0,16.1,165,23.7,15,27,73,Partially cloudy
"Champaign, IL, United States",04/26/2021 11:00:00,62,,,0,0,0,0,17.7,170,25.3,15,26,73,Partially cloudy
"Champaign, IL, United States",04/26/2021 12:00:00,66.1,,,0,0,0,0,19.2,175,27.1,15,25,73,Clear
"Champaign, IL, United States",04/26/2021 13:00:00,70.1,,,0,0,0,0,20.8,180,28.9,15,24,49,Clear
"Champaign, IL, United States",04/26/2021 14:00:00,70.1,,,0,0,0,0,20.4,180,28.4,15,24,49,Clear
"Champaign, IL, United States",04/26/2021 15:00:00,70.1,,,0,0,0,0,19.9,180,28,15,23,49,Clear
"Champaign, IL, United States",04/26/2021 16:00:00,70.1,,,0,0,0,0,19.7,180,27.7,15,23,49,Clear
"Champaign, IL, United States",04/26/2021 17:00:00,70.1,,,0,0,0,0,19.2,180,27.3,15,22,49,Clear
"Champaign, IL, United States",04/26/2021 18:00:00,70.1,,,0,0,0,0,18.8,180,26.8,15,22,49,Clear
"Champaign, IL, United States",04/26/2021 19:00:00,70.1,,,0,0,0,0,18.3,180,26.4,15,21,51,Clear
"Champaign, IL, United States",04/26/2021 20:00:00,68.8,,,0,0,0,0,17.9,183.3,25.7,15,20,51,Clear
"Champaign, IL, United States",04/26/2021 21:00:00,67.4,,,0,0,0,0,17.7,186.7,24.8,15,20,51,Clear
"Champaign, IL, United States",04/26/2021 22:00:00,66.1,,,0,0,0,0,17.2,190,24.2,15,19,51,Clear
"Champaign, IL, United States",04/26/2021 23:00:00,64.7,,,0,0,0,0,16.8,193.3,23.5,15,18,51,Clear
"Champaign, IL, United States",04/27/2021 00:00:00,63.4,,,0,0,0,0,16.6,196.7,22.6,15,18,51,Clear
"Champaign, IL, United States",04/27/2021 01:00:00,62,,,0,0,0,0,16.1,200,21.9,15,17,67,Clear
"Champaign, IL, United States",04/27/2021 02:00:00,61.4,,,0,0,0,0,15.7,198.3,21.5,15,23,67,Clear
"Champaign, IL, United States",04/27/2021 03:00:00,60.9,,,0,0,0,0,15.4,196.7,21,15,29,67,Partially cloudy
"Champaign, IL, United States",04/27/2021 04:00:00,60.5,,,0,0,0,0,15,195,20.8,15,35,67,Partially cloudy
"Champaign, IL, United States",04/27/2021 05:00:00,60,,,0,0,0,0,14.5,193.3,20.4,15,41,67,Partially cloudy
"Champaign, IL, United States",04/27/2021 06:00:00,59.4,,,0,0,0,0,14.3,191.7,19.9,15,47,67,Partially cloudy
"Champaign, IL, United States",04/27/2021 07:00:00,58.9,,,0,0,0,0,13.9,190,19.5,15,53,77,Partially cloudy
"Champaign, IL, United States",04/27/2021 08:00:00,62,,,4.8,0,0,0,15,190,20.8,15,52,77,Partially cloudy
"Champaign, IL, United States",04/27/2021 09:00:00,64.8,,,4.8,0,0,0,16.1,190,22.1,15,51,77,Partially cloudy
"Champaign, IL, United States",04/27/2021 10:00:00,67.9,,,4.8,0,0,0,17.4,190,23.5,15,50,77,Partially cloudy
"Champaign, IL, United States",04/27/2021 11:00:00,71,,,4.8,0,0,0,18.6,190,24.8,15,48,77,Partially cloudy
"Champaign, IL, United States",04/27/2021 12:00:00,73.8,,,4.8,0,0,0,19.7,190,26.2,15,47,77,Partially cloudy
"Champaign, IL, United States",04/27/2021 13:00:00,76.9,,,4.8,0,0,0,20.8,190,27.5,15,46,52,Partially cloudy
"Champaign, IL, United States",04/27/2021 14:00:00,76.6,,,9.5,0,0,0,20.6,188.3,27.1,15,48,52,Partially cloudy
"Champaign, IL, United States",04/27/2021 15:00:00,76.2,,,9.5,0,0,0,20.4,186.7,26.4,15,50,52,Partially cloudy
"Champaign, IL, United States",04/27/2021 16:00:00,76,,,9.5,0,0,0,20.1,185,25.9,15,53,52,Partially cloudy
"Champaign, IL, United States",04/27/2021 17:00:00,75.6,,,9.5,0,0,0,19.9,183.3,25.3,15,55,52,Partially cloudy
"Champaign, IL, United States",04/27/2021 18:00:00,75.3,,,9.5,0,0,0,19.7,181.7,24.8,15,57,52,Partially cloudy
"Champaign, IL, United States",04/27/2021 19:00:00,74.9,,,9.5,0,0,0,19.5,180,24.2,15,59,52,Partially cloudy
"Champaign, IL, United States",04/27/2021 20:00:00,73.5,,,38,0.01,0,0,19.2,181.7,24.6,15,62,52,Partially cloudy
"Champaign, IL, United States",04/27/2021 21:00:00,71.9,,,38,0.01,0,0,19,183.3,24.8,15,64,52,Partially cloudy
"Champaign, IL, United States",04/27/2021 22:00:00,70.4,,,38,0.01,0,0,19,185,25.3,15,67,52,Partially cloudy
"Champaign, IL, United States",04/27/2021 23:00:00,69,,,38,0.01,0,0,18.8,186.7,25.7,15,69,52,Partially cloudy
"Champaign, IL, United States",04/28/2021 00:00:00,67.4,,,38,0.01,0,0,18.6,188.3,25.9,15,72,52,Partially cloudy
"Champaign, IL, United States",04/28/2021 01:00:00,65.9,,,38,0.01,0,0,18.3,190,26.4,15,74,73,Partially cloudy
"Champaign, IL, United States",04/28/2021 02:00:00,65.4,,,81,0,0,0,17.9,190,25.9,15,75,73,"Rain, Partially cloudy"
"Champaign, IL, United States",04/28/2021 03:00:00,65,,,81,0,0,0,17.7,190,25.3,15,76,73,"Rain, Overcast"
"Champaign, IL, United States",04/28/2021 04:00:00,64.5,,,81,0,0,0,17.2,190,24.8,15,78,73,"Rain, Overcast"
"Champaign, IL, United States",04/28/2021 05:00:00,63.9,,,81,0,0,0,16.8,190,24.2,15,79,73,"Rain, Overcast"
"Champaign, IL, United States",04/28/2021 06:00:00,63.6,,,81,0,0,0,16.6,190,23.7,15,80,73,"Rain, Overcast"
"Champaign, IL, United States",04/28/2021 07:00:00,63.1,,,81,0,0,0,16.1,190,23,15,81,84,"Rain, Overcast"
"Champaign, IL, United States",04/28/2021 08:00:00,64.3,,,57,0,0,0,16.8,191.7,23.7,15,80,84,"Rain, Overcast"
"Champaign, IL, United States",04/28/2021 09:00:00,65.7,,,57,0,0,0,17.2,193.3,24.6,15,79,84,"Rain, Overcast"
"Champaign, IL, United States",04/28/2021 10:00:00,67,,,57,0,0,0,17.9,195,25.3,15,78,84,"Rain, Overcast"
"Champaign, IL, United States",04/28/2021 11:00:00,68.3,,,57,0,0,0,18.3,196.7,25.9,15,76,84,"Rain, Overcast"
"Champaign, IL, United States",04/28/2021 12:00:00,69.7,,,57,0,0,0,19,198.3,26.8,15,75,84,"Rain, Partially cloudy"
"Champaign, IL, United States",04/28/2021 13:00:00,71,,,57,0,0,0,19.5,200,27.5,15,74,66,"Rain, Partially cloudy"
"Champaign, IL, United States",04/28/2021 14:00:00,70.1,,,61.9,0,0,0,18.3,200,27.1,15,75,66,"Rain, Partially cloudy"
"Champaign, IL, United States",04/28/2021 15:00:00,69.3,,,61.9,0,0,0,17.2,200,26.4,15,75,66,"Rain, Partially cloudy"
"Champaign, IL, United States",04/28/2021 16:00:00,68.4,,,61.9,0,0,0,16.1,200,25.9,15,76,66,"Rain, Overcast"
"Champaign, IL, United States",04/28/2021 17:00:00,67.6,,,61.9,0,0,0,15,200,25.3,15,76,66,"Rain, Overcast"
"Champaign, IL, United States",04/28/2021 18:00:00,66.8,,,61.9,0,0,0,13.9,200,24.8,15,77,66,"Rain, Overcast"
"Champaign, IL, United States",04/28/2021 19:00:00,65.9,,,61.9,0,0,0,12.8,200,24.2,15,77,73,"Rain, Overcast"
"Champaign, IL, United States",04/28/2021 20:00:00,59.4,,,71.4,0,0,0,12.7,185.9,22.4,15,99.7,86.9,"Rain, Overcast"
"Champaign, IL, United States",04/28/2021 21:00:00,58.4,,,71.4,0,0,0,10.6,184.9,20.1,15,99.8,89.3,"Rain, Overcast"
"Champaign, IL, United States",04/28/2021 22:00:00,57.5,,,71.4,0,0,0,8.5,183.9,17.7,15,100,91.6,"Rain, Overcast"
"Champaign, IL, United States",04/28/2021 23:00:00,57.5,,,71.4,0.01,0,0,8.3,210.7,16.9,13.8,100,91.9,"Rain, Overcast"
"Champaign, IL, United States",04/29/2021 00:00:00,57.5,,,71.4,0.01,0,0,8.1,237.6,16.2,12.6,100,92.1,"Rain, Overcast"
"Champaign, IL, United States",04/29/2021 01:00:00,57.5,,,71.4,0.01,0,0,7.8,264.4,15.4,11.4,100,92.4,"Rain, Overcast"
"Champaign, IL, United States",04/29/2021 02:00:00,56,,,57,0.02,0,0,11.2,290,19.4,12.6,100,91.9,"Rain, Overcast"
"Champaign, IL, United States",04/29/2021 03:00:00,54.6,,,57,0.02,0,0,14.5,315.7,23.3,13.8,100,91.3,"Rain, Overcast"
"Champaign, IL, United States",04/29/2021 04:00:00,53.1,,,57,0.02,0,0,17.9,341.3,27.3,15,100,90.8,"Rain, Overcast"
"Champaign, IL, United States",04/29/2021 05:00:00,51.5,,,57,0,0,0,18.9,229.9,28.8,15,100,88.9,"Rain, Overcast"
"Champaign, IL, United States",04/29/2021 06:00:00,49.8,43.3,,57,0,0,0,20,118.6,30.3,15,100,87,"Rain, Overcast"
"Champaign, IL, United States",04/29/2021 07:00:00,48.1,40.9,,57,0,0,0,21,7.2,31.8,15,100,85.1,"Rain, Overcast"
"Champaign, IL, United States",04/29/2021 08:00:00,47.8,40.7,,38,0,0,0,19.8,8.4,31.2,15,100,84,Overcast
"Champaign, IL, United States",04/29/2021 09:00:00,47.4,40.5,,38,0,0,0,18.5,9.7,30.7,15,100,83,Overcast
"Champaign, IL, United States",04/29/2021 10:00:00,47,40.3,,38,0,0,0,17.2,10.9,30.2,15,100,81.9,Overcast
"Champaign, IL, United States",04/29/2021 11:00:00,47.7,40.9,,38,0,0,0,18.2,8.9,30.6,15,100,77.8,Overcast
"Champaign, IL, United States",04/29/2021 12:00:00,48.4,41.6,,38,0,0,0,19.2,6.8,31.1,15,100,73.6,Overcast
"Champaign, IL, United States",04/29/2021 13:00:00,49,42.3,,38,0,0,0,20.1,4.8,31.5,15,100,69.5,Overcast
"Champaign, IL, United States",04/29/2021 14:00:00,51.1,,,57,0,0,0,20.7,9.4,30.9,15,68.7,60.9,"Rain, Partially cloudy"
"Champaign, IL, United States",04/29/2021 15:00:00,53.2,,,57,0,0,0,21.3,14,30.3,15,37.4,52.3,"Rain, Partially cloudy"
"Champaign, IL, United States",04/29/2021 16:00:00,55.3,,,57,0,0,0,21.9,18.6,29.8,15,6.1,43.7,Rain
"Champaign, IL, United States",04/29/2021 17:00:00,53.5,,,57,0,0,0,19.8,22.3,28.3,15,5.1,47.5,Rain
"Champaign, IL, United States",04/29/2021 18:00:00,51.7,,,57,0,0,0,17.7,26.1,26.9,15,4.2,51.2,Rain
"Champaign, IL, United States",04/29/2021 19:00:00,49.9,44.4,,57,0,0,0,15.7,29.8,25.5,15,3.2,55,Rain
"Champaign, IL, United States",04/29/2021 20:00:00,47.8,41.7,,33.2,0,0,0,15.4,25.8,28.6,15,2.1,55.3,Clear
"Champaign, IL, United States",04/29/2021 21:00:00,45.6,38.9,,33.2,0,0,0,15.2,21.9,31.8,15,1.1,55.7,Clear
"Champaign, IL, United States",04/29/2021 22:00:00,43.4,36.2,,33.2,0,0,0,15,17.9,34.9,15,0,56,Clear
"Champaign, IL, United States",04/29/2021 23:00:00,42.1,34.5,,33.2,0,0,0,14.8,14.2,34.9,15,0,55.7,Clear
"Champaign, IL, United States",04/30/2021 00:00:00,40.7,32.8,,33.2,0,0,0,14.5,10.6,34.9,15,0,55.5,Clear
"Champaign, IL, United States",04/30/2021 01:00:00,39.3,31.1,,33.2,0,0,0,14.3,6.9,34.9,15,0,55.2,Clear
"Champaign, IL, United States",04/30/2021 02:00:00,38.1,29.7,,19,0,0,0,13.9,7.3,33.1,15,0,57.3,Clear
"Champaign, IL, United States",04/30/2021 03:00:00,36.9,28.3,,19,0,0,0,13.6,7.8,31.3,15,0,59.4,Clear
"Champaign, IL, United States",04/30/2021 04:00:00,35.7,27,,19,0,0,0,13.2,8.2,29.5,15,0,61.5,Clear
"Champaign, IL, United States",04/30/2021 05:00:00,35.7,27.1,,19,0,0,0,12.9,7.6,29.1,15,1.7,66.5,Clear
"Champaign, IL, United States",04/30/2021 06:00:00,35.7,27.2,,19,0,0,0,12.6,7.1,28.6,15,3.3,71.5,Clear
"Champaign, IL, United States",04/30/2021 07:00:00,35.7,27.3,,19,0,0,0,12.3,6.5,28.2,15,5,76.5,Clear
"Champaign, IL, United States",04/30/2021 08:00:00,39.2,31.5,,14.3,0,0,0,13,7.7,25.5,15,4.4,69.9,Clear
"Champaign, IL, United States",04/30/2021 09:00:00,42.8,35.7,,14.3,0,0,0,13.8,8.9,22.8,15,3.8,63.3,Clear
"Champaign, IL, United States",04/30/2021 10:00:00,46.3,40,,14.3,0,0,0,14.5,10.1,20.1,15,3.2,56.7,Clear
"Champaign, IL, United States",04/30/2021 11:00:00,48.9,43.3,,14.3,0,0,0,14.8,7.5,20,15,2.1,50.8,Clear
"Champaign, IL, United States",04/30/2021 12:00:00,51.6,,,14.3,0,0,0,15.1,4.8,19.8,15,1.1,44.9,Clear
"Champaign, IL, United States",04/30/2021 13:00:00,54.2,,,14.3,0,0,0,15.4,2.2,19.7,15,0,39,Clear
"Champaign, IL, United States",04/30/2021 14:00:00,55.2,,,19,0,0,0,15.3,3.7,19.5,15,19.3,36.8,Clear
"Champaign, IL, United States",04/30/2021 15:00:00,56.1,,,19,0,0,0,15.1,5.1,19.2,15,38.7,34.7,Partially cloudy
"Champaign, IL, United States",04/30/2021 16:00:00,57.1,,,19,0,0,0,15,6.6,19,15,58,32.5,Partially cloudy
"Champaign, IL, United States",04/30/2021 17:00:00,55.4,,,19,0,0,0,13,12.6,17.9,15,72,37.7,Partially cloudy
"Champaign, IL, United States",04/30/2021 18:00:00,53.6,,,19,0,0,0,11.1,18.7,16.8,15,86,42.8,Overcast
"Champaign, IL, United States",04/30/2021 19:00:00,51.9,,,19,0,0,0,9.2,24.7,15.7,15,100,48,Overcast
"Champaign, IL, United States",04/30/2021 20:00:00,49.8,46.7,,9.5,0,0,0,7.5,21.4,14.9,15,100,49.8,Overcast
"Champaign, IL, United States",04/30/2021 21:00:00,47.7,45,,9.5,0,0,0,5.9,18,14.2,15,100,51.7,Overcast
"Champaign, IL, United States",04/30/2021 22:00:00,45.6,43.6,,9.5,0,0,0,4.3,14.7,13.4,15,100,53.5,Overcast
"Champaign, IL, United States",04/30/2021 23:00:00,44.9,42.7,,9.5,0,0,0,4.3,10.1,12.5,15,100,55.9,Overcast
"Champaign, IL, United States",05/01/2021 00:00:00,44.1,41.9,,9.5,0,0,0,4.3,5.6,11.6,15,100,58.3,Overcast
"Champaign, IL, United States",05/01/2021 01:00:00,43.4,41.1,,9.5,0,0,0,4.3,1,10.7,15,100,60.7,Overcast
"Champaign, IL, United States",05/01/2021 02:00:00,42.2,38.8,,9.5,0.02,0,0,5.4,106,12.8,13,100,66.6,Overcast
"Champaign, IL, United States",05/01/2021 03:00:00,41,36.6,,9.5,0.02,0,0,6.6,211.1,14.8,11.1,100,72.5,Overcast
"Champaign, IL, United States",05/01/2021 04:00:00,39.8,34.5,,9.5,0.02,0,0,7.8,316.1,16.8,9.2,100,78.4,Overcast
"Champaign, IL, United States",05/01/2021 05:00:00,40.2,34.6,,9.5,0.01,0,0,8.5,320.8,18.3,11.1,100,81.5,Overcast
"Champaign, IL, United States",05/01/2021 06:00:00,40.6,34.7,,9.5,0.01,0,0,9.2,325.5,19.9,13,100,84.5,Overcast
"Champaign, IL, United States",05/01/2021 07:00:00,40.9,34.8,,9.5,0.01,0,0,9.8,330.2,21.5,15,100,87.6,Overcast
"Champaign, IL, United States",05/01/2021 08:00:00,41.3,35.3,,14.3,0,0,0,9.8,330.2,19.9,15,100,86.7,Overcast
"Champaign, IL, United States",05/01/2021 09:00:00,41.6,35.7,,14.3,0,0,0,9.8,330.3,18.3,15,100,85.9,Overcast
"Champaign, IL, United States",05/01/2021 10:00:00,42,36.2,,14.3,0,0,0,9.8,330.3,16.8,15,100,85,Overcast
"Champaign, IL, United States",05/01/2021 11:00:00,42.4,36.6,,14.3,0,0,0,10,333,16.3,15,100,83.1,Overcast
"Champaign, IL, United States",05/01/2021 12:00:00,42.8,37.1,,14.3,0,0,0,10.1,335.8,15.9,15,100,81.3,Overcast
"Champaign, IL, United States",05/01/2021 13:00:00,43.2,37.6,,14.3,0,0,0,10.3,338.5,15.4,15,100,79.4,Overcast
"Champaign, IL, United States",05/01/2021 14:00:00,44,39,,23.7,0,0,0,9.2,341.3,13.4,15,100,79.5,Overcast
"Champaign, IL, United States",05/01/2021 15:00:00,44.8,40.4,,23.7,0,0,0,8.1,344.1,11.4,15,100,79.5,Overcast
"Champaign, IL, United States",05/01/2021 16:00:00,45.6,41.9,,23.7,0,0,0,6.9,346.9,9.4,15,100,79.6,Overcast
"Champaign, IL, United States",05/01/2021 17:00:00,45.7,42.6,,23.7,0,0,0,5.9,346.5,8.7,15,100,81.1,Overcast
"Champaign, IL, United States",05/01/2021 18:00:00,45.7,43.3,,23.7,0,0,0,4.8,346,8.1,15,100,82.5,Overcast
"Champaign, IL, United States",05/01/2021 19:00:00,45.8,44.1,,23.7,0,0,0,3.8,345.6,7.4,15,100,84,Overcast
"Champaign, IL, United States",05/01/2021 20:00:00,45.3,44,,9.5,0.01,0,0,3.4,235.7,7.1,15,100,87.2,Overcast
"Champaign, IL, United States",05/01/2021 21:00:00,44.8,,,9.5,0.01,0,0,2.9,125.7,6.8,15,100,90.3,Overcast
"Champaign, IL, United States",05/01/2021 22:00:00,44.3,,,9.5,0.01,0,0,2.5,15.8,6.5,15,100,93.5,Overcast
"Champaign, IL, United States",05/01/2021 23:00:00,44.4,,,9.5,0,0,0,2.2,27.7,4.9,15,100,93.4,Overcast
"Champaign, IL, United States",05/02/2021 00:00:00,44.4,,,9.5,0,0,0,1.9,39.5,3.4,15,100,93.2,Overcast
"Champaign, IL, United States",05/02/2021 01:00:00,44.5,,,9.5,0,0,0,1.6,51.4,1.8,15,100,93.1,Overcast
"Champaign, IL, United States",05/02/2021 02:00:00,44.4,,,14.3,0,0,0,2,105.1,2.5,15,100,93.5,Overcast
"Champaign, IL, United States",05/02/2021 03:00:00,44.4,,,14.3,0,0,0,2.5,158.9,3.1,15,100,93.9,Overcast
"Champaign, IL, United States",05/02/2021 04:00:00,44.3,,,14.3,0,0,0,2.9,212.6,3.8,15,100,94.3,Overcast
"Champaign, IL, United States",05/02/2021 05:00:00,44.6,,,14.3,0,0,0,2.4,246,3.4,15,100,94,Overcast
"Champaign, IL, United States",05/02/2021 06:00:00,44.8,,,14.3,0,0,0,1.9,279.4,2.9,15,100,93.7,Overcast
"Champaign, IL, United States",05/02/2021 07:00:00,45,,,14.3,0,0,0,1.3,312.8,2.5,15,100,93.4,Overcast
"Champaign, IL, United States",05/02/2021 08:00:00,45.9,,,14.3,0,0,0,1.9,241.5,2.5,15,100,90.7,Overcast
"Champaign, IL, United States",05/02/2021 09:00:00,46.8,,,14.3,0,0,0,2.5,170.2,2.6,15,100,88,Overcast
"Champaign, IL, United States",05/02/2021 10:00:00,47.7,47,,14.3,0,0,0,3.1,98.9,2.7,15,100,85.3,Overcast
"Champaign, IL, United States",05/02/2021 11:00:00,48.3,47.6,,14.3,0,0,0,3.2,117.8,2.7,15,100,83.9,Overcast
"Champaign, IL, United States",05/02/2021 12:00:00,48.8,48.1,,14.3,0,0,0,3.3,136.6,2.7,15,100,82.5,Overcast
"Champaign, IL, United States",05/02/2021 13:00:00,49.4,48.6,,14.3,0,0,0,3.4,155.5,2.7,15,100,81.1,Overcast
"Champaign, IL, United States",05/02/2021 14:00:00,50,,,9.5,0,0,0,2.7,166.2,2.3,15,99.8,79.5,Overcast
"Champaign, IL, United States",05/02/2021 15:00:00,50.6,,,9.5,0,0,0,2,176.8,1.9,15,99.7,78,Overcast
"Champaign, IL, United States",05/02/2021 16:00:00,51.2,,,9.5,0,0,0,1.3,187.5,1.6,15,99.5,76.4,Overcast
"Champaign, IL, United States",05/02/2021 17:00:00,51.4,,,9.5,0,0,0,1.3,148.3,1.5,15,99.7,76.6,Overcast
"Champaign, IL, United States",05/02/2021 18:00:00,51.5,,,9.5,0,0,0,1.2,109.2,1.4,15,99.8,76.9,Overcast
"Champaign, IL, United States",05/02/2021 19:00:00,51.7,,,9.5,0,0,0,1.1,70,1.3,15,100,77.1,Overcast
"Champaign, IL, United States",05/02/2021 20:00:00,51.2,,,14.3,0,0,0,2.3,68,2.8,15,100,78.3,Overcast
"Champaign, IL, United States",05/02/2021 21:00:00,50.6,,,14.3,0,0,0,3.5,65.9,4.2,15,100,79.4,Overcast
"Champaign, IL, United States",05/02/2021 22:00:00,50.1,,,14.3,0,0,0,4.7,63.9,5.6,15,100,80.6,Overcast
"Champaign, IL, United States",05/02/2021 23:00:00,50,49.2,,14.3,0,0,0,3.5,151.5,4.1,15,100,81.2,Overcast
"Champaign, IL, United States",05/03/2021 00:00:00,49.8,,,14.3,0,0,0,2.3,239.1,2.6,15,100,81.9,Overcast
"Champaign, IL, United States",05/03/2021 01:00:00,49.7,,,14.3,0,0,0,1.1,326.7,1.1,15,100,82.5,Overcast
"Champaign, IL, United States",05/03/2021 02:00:00,49.3,,,19,0,0,0,1.3,222.2,1.4,15,69.8,83.5,Partially cloudy
"Champaign, IL, United States",05/03/2021 03:00:00,48.9,,,19,0,0,0,1.6,117.7,1.7,15,39.5,84.4,Partially cloudy
"Champaign, IL, United States",05/03/2021 04:00:00,48.5,,,19,0,0,0,1.8,13.2,2,15,9.3,85.4,Clear
"Champaign, IL, United States",05/03/2021 05:00:00,48.4,,,19,0,0,0,1.8,119,2,15,10.6,85.4,Clear
"Champaign, IL, United States",05/03/2021 06:00:00,48.4,,,19,0,0,0,1.8,224.7,2,15,12,85.4,Clear
"Champaign, IL, United States",05/03/2021 07:00:00,48.3,,,19,0,0,0,1.8,330.5,2,15,13.3,85.4,Clear
"Champaign, IL, United States",05/03/2021 08:00:00,51.2,,,9.5,0,0,0,2.6,339.1,3,15,27.6,78.3,Partially cloudy
"Champaign, IL, United States",05/03/2021 09:00:00,54.2,,,9.5,0,0,0,3.4,347.8,4,15,41.9,71.1,Partially cloudy
"Champaign, IL, United States",05/03/2021 10:00:00,57.1,,,9.5,0,0,0,4.3,356.4,4.9,15,56.2,64,Partially cloudy
"Champaign, IL, United States",05/03/2021 11:00:00,58.5,,,9.5,0,0,0,3.8,242.8,4.3,15,70.8,61,Partially cloudy
"Champaign, IL, United States",05/03/2021 12:00:00,59.9,,,9.5,0,0,0,3.4,129.1,3.7,15,85.4,58,Overcast
"Champaign, IL, United States",05/03/2021 13:00:00,61.2,,,9.5,0,0,0,2.9,15.5,3.1,15,100,55,Overcast
"Champaign, IL, United States",05/03/2021 14:00:00,61.6,,,38,0,0,0,3.1,38.5,3.2,15,100,54.8,Overcast
"Champaign, IL, United States",05/03/2021 15:00:00,61.8,,,38,0,0,0,3.4,61.4,3.3,15,100,54.7,Overcast
"Champaign, IL, United States",05/03/2021 16:00:00,62.1,,,38,0,0,0,3.6,84.4,3.4,15,100,54.5,Overcast
"Champaign, IL, United States",05/03/2021 17:00:00,61.6,,,38,0,0,0,3.1,122.3,3.1,15,99.8,57.2,Overcast
"Champaign, IL, United States",05/03/2021 18:00:00,60.9,,,38,0,0,0,2.7,160.2,2.8,15,99.7,59.8,Overcast
"Champaign, IL, United States",05/03/2021 19:00:00,60.3,,,38,0,0,0,2.2,198.1,2.5,15,99.5,62.5,Overcast
"Champaign, IL, United States",05/03/2021 20:00:00,58.9,,,38,0,0,0,2.5,155.9,2.8,15,99.7,64.6,Overcast
"Champaign, IL, United States",05/03/2021 21:00:00,57.5,,,38,0,0,0,2.7,113.6,3.1,15,99.8,66.7,Overcast
"Champaign, IL, United States",05/03/2021 22:00:00,56,,,38,0,0,0,2.9,71.4,3.4,15,100,68.8,Overcast
"Champaign, IL, United States",05/03/2021 23:00:00,54.9,,,38,0,0,0,2.6,115.1,3,15,100,71,Overcast
"Champaign, IL, United States",05/04/2021 00:00:00,53.9,,,38,0,0,0,2.3,158.8,2.6,15,100,73.3,Overcast
"Champaign, IL, United States",05/04/2021 01:00:00,52.8,,,38,0,0,0,2,202.5,2.2,15,100,75.5,Overcast
"Champaign, IL, United States",05/04/2021 02:00:00,52.4,,,19,0,0,0,2.7,164.3,2.8,15,100,77.2,Overcast
"Champaign, IL, United States",05/04/2021 03:00:00,52,,,19,0,0,0,3.4,126.2,3.4,15,100,78.9,Overcast
"Champaign, IL, United States",05/04/2021 04:00:00,51.5,,,19,0,0,0,4,88,4,15,100,80.6,Overcast
"Champaign, IL, United States",05/04/2021 05:00:00,51.6,,,19,0,0,0,4.5,105.3,6,15,100,81.4,Overcast
"Champaign, IL, United States",05/04/2021 06:00:00,51.6,,,19,0,0,0,4.9,122.6,8.1,15,100,82.2,Overcast
"Champaign, IL, United States",05/04/2021 07:00:00,51.7,,,19,0,0,0,5.4,139.9,10.1,15,100,83,Overcast
"Champaign, IL, United States",05/04/2021 08:00:00,54.5,,,14.3,0,0,0,6,137.3,10.1,15,100,76.8,Overcast
"Champaign, IL, United States",05/04/2021 09:00:00,57.2,,,14.3,0,0,0,6.7,134.8,10.1,15,100,70.5,Overcast
"Champaign, IL, United States",05/04/2021 10:00:00,60,,,14.3,0,0,0,7.4,132.2,10.1,15,100,64.3,Overcast
"Champaign, IL, United States",05/04/2021 11:00:00,61.4,,,14.3,0,0,0,7.3,130,9.2,15,100,62.6,Overcast
"Champaign, IL, United States",05/04/2021 12:00:00,62.8,,,14.3,0,0,0,7.2,127.8,8.3,15,100,60.9,Overcast
"Champaign, IL, United States",05/04/2021 13:00:00,64.1,,,14.3,0,0,0,7.2,125.6,7.4,15,100,59.2,Overcast
"Champaign, IL, United States",05/04/2021 14:00:00,63.1,,,28.6,0,0,0,6.8,143.8,8.8,15,100,64,Overcast
"Champaign, IL, United States",05/04/2021 15:00:00,62,,,28.6,0,0,0,6.4,162,10.2,15,100,68.7,Overcast
"Champaign, IL, United States",05/04/2021 16:00:00,60.9,,,28.6,0,0,0,6,180.2,11.6,15,100,73.5,Overcast
"Champaign, IL, United States",05/04/2021 17:00:00,60.3,,,28.6,0,0,0,5.4,166.7,9.4,15,100,76.2,Overcast
"Champaign, IL, United States",05/04/2021 18:00:00,59.7,,,28.6,0,0,0,4.7,153.1,7.2,15,100,78.8,Overcast
"Champaign, IL, United States",05/04/2021 19:00:00,59.1,,,28.6,0,0,0,4,139.6,4.9,15,100,81.5,Overcast
"Champaign, IL, United States",05/04/2021 20:00:00,58.5,,,42.9,0,0,0,4.5,148.2,6.6,15,100,84,Overcast
"Champaign, IL, United States",05/04/2021 21:00:00,57.9,,,42.9,0,0,0,5.1,156.9,8.2,15,100,86.5,Overcast
"Champaign, IL, United States",05/04/2021 22:00:00,57.3,,,42.9,0,0,0,5.6,165.5,9.8,15,100,89,Overcast
"Champaign, IL, United States",05/04/2021 23:00:00,56.9,,,42.9,0.01,0,0,5,162.5,9.3,14.1,100,90,Overcast
"Champaign, IL, United States",05/05/2021 00:00:00,56.6,,,42.9,0.01,0,0,4.4,159.4,8.8,13.3,100,91.1,Overcast
"Champaign, IL, United States",05/05/2021 01:00:00,56.2,,,42.9,0.01,0,0,3.8,156.4,8.3,12.5,100,92.1,Overcast
"Champaign, IL, United States",05/05/2021 02:00:00,56.1,,,33.2,0,0,0,4.3,158.2,8.6,13.3,99.8,92.2,Overcast
"Champaign, IL, United States",05/05/2021 03:00:00,56,,,33.2,0,0,0,4.7,159.9,8.9,14.1,99.7,92.4,Overcast
"Champaign, IL, United States",05/05/2021 04:00:00,55.8,,,33.2,0,0,0,5.1,161.7,9.2,15,99.5,92.5,Overcast
"Champaign, IL, United States",05/05/2021 05:00:00,56,,,33.2,0,0,0,4.7,174.7,8.6,15,99.6,93,Overcast
"Champaign, IL, United States",05/05/2021 06:00:00,56.1,,,33.2,0,0,0,4.3,187.8,8,15,99.8,93.5,Overcast
"Champaign, IL, United States",05/05/2021 07:00:00,56.2,,,33.2,0,0,0,3.8,200.8,7.4,15,99.9,94,Overcast
"Champaign, IL, United States",05/05/2021 08:00:00,57.5,,,33.2,0,0,0,4.2,197,7,15,74.9,90.5,Partially cloudy
"Champaign, IL, United States",05/05/2021 09:00:00,58.7,,,33.2,0,0,0,4.5,193.1,6.6,15,49.8,87.1,Partially cloudy
"Champaign, IL, United States",05/05/2021 10:00:00,60,,,33.2,0,0,0,4.9,189.3,6.3,15,24.8,83.6,Clear
"Champaign, IL, United States",05/05/2021 11:00:00,63,,,33.2,0,0,0,5.2,204.5,6.4,15,49.8,77.9,Partially cloudy
"Champaign, IL, United States",05/05/2021 12:00:00,66,,,33.2,0,0,0,5.5,219.8,6.6,15,74.8,72.1,Partially cloudy
"Champaign, IL, United States",05/05/2021 13:00:00,69,,,33.2,0,0,0,5.8,235,6.7,15,99.8,66.4,Overcast
"Champaign, IL, United States",05/05/2021 14:00:00,68.9,,,42.9,0,0,0,5.1,243.2,6.2,15,98.7,66.8,Overcast
"Champaign, IL, United States",05/05/2021 15:00:00,68.7,,,42.9,0,0,0,4.3,251.5,5.7,15,97.7,67.1,Overcast
"Champaign, IL, United States",05/05/2021 16:00:00,68.6,,,42.9,0,0,0,3.6,259.7,5.1,15,96.6,67.5,Overcast
"Champaign, IL, United States",05/05/2021 17:00:00,68.5,,,42.9,0,0,0,3.4,237.3,4.5,15,96.7,69,Overcast
"Champaign, IL, United States",05/05/2021 18:00:00,68.4,,,42.9,0,0,0,3.1,214.9,3.8,15,96.8,70.5,Overcast
"Champaign, IL, United States",05/05/2021 19:00:00,68.3,,,42.9,0,0,0,2.9,192.5,3.1,15,96.9,72,Overcast
"Champaign, IL, United States",05/05/2021 20:00:00,67.5,,,42.9,0,0,0,3.2,202,3.4,15,88.8,73.2,Overcast
"Champaign, IL, United States",05/05/2021 21:00:00,66.7,,,42.9,0,0,0,3.5,211.4,3.7,15,80.7,74.4,Overcast
"Champaign, IL, United States",05/05/2021 22:00:00,65.9,,,42.9,0,0,0,3.8,220.9,4,15,72.6,75.6,Partially cloudy
"Champaign, IL, United States",05/05/2021 23:00:00,64.2,,,42.9,0,0,0,4.1,151.4,4.3,15,48.8,78.7,Partially cloudy
"Champaign, IL, United States",05/06/2021 00:00:00,62.6,,,42.9,0,0,0,4.4,82,4.6,15,25,81.8,Clear
"Champaign, IL, United States",05/06/2021 01:00:00,60.9,,,42.9,0,0,0,4.7,12.5,4.9,15,1.2,84.9,Clear
"Champaign, IL, United States",05/06/2021 02:00:00,59.8,,,47.5,0,0,0,5,26.5,5.7,15,0.9,86.6,Clear
"Champaign, IL, United States",05/06/2021 03:00:00,58.7,,,47.5,0,0,0,5.3,40.4,6.4,15,0.7,88.3,Clear
"Champaign, IL, United States",05/06/2021 04:00:00,57.6,,,47.5,0,0,0,5.6,54.4,7.2,15,0.4,90,Clear
"Champaign, IL, United States",05/06/2021 05:00:00,58.1,,,47.5,0,0,0,5.1,61.1,6.7,15,5.7,87.9,Clear
"Champaign, IL, United States",05/06/2021 06:00:00,58.6,,,47.5,0,0,0,4.5,67.8,6.3,15,11,85.7,Clear
"Champaign, IL, United States",05/06/2021 07:00:00,59.1,,,47.5,0,0,0,4,74.5,5.8,15,16.3,83.6,Clear
"Champaign, IL, United States",05/06/2021 08:00:00,62.3,,,33.2,0,0,0,4.5,69.9,5.6,15,44.2,76.3,Partially cloudy
"Champaign, IL, United States",05/06/2021 09:00:00,65.5,,,33.2,0,0,0,4.9,65.2,5.4,15,72.1,69,Partially cloudy
"Champaign, IL, United States",05/06/2021 10:00:00,68.6,,,33.2,0,0,0,5.4,60.6,5.1,15,100,61.7,Overcast
"Champaign, IL, United States",05/06/2021 11:00:00,70.1,,,33.2,0,0,0,4.9,53.8,5.1,15,96.4,58,Overcast
"Champaign, IL, United States",05/06/2021 12:00:00,71.5,,,33.2,0,0,0,4.4,47.1,5,15,92.8,54.4,Overcast
"Champaign, IL, United States",05/06/2021 13:00:00,72.9,,,33.2,0,0,0,3.9,40.3,4.9,15,89.2,50.7,Overcast
"Champaign, IL, United States",05/06/2021 14:00:00,74.4,,,33.2,0,0,0,3.4,33.5,4.8,15,85.5,47,Overcast
"Champaign, IL, United States",05/06/2021 15:00:00,75.8,,,33.2,0,0,0,2.9,26.8,4.8,15,81.9,43.4,Overcast
"Champaign, IL, United States",05/06/2021 16:00:00,77.3,,,33.2,0,0,0,2.5,20,4.7,15,78.3,39.7,Overcast
"Champaign, IL, United States",05/06/2021 17:00:00,74.9,,,33.2,0,0,0,3.4,79.4,5.7,15,85.5,47.3,Overcast
"Champaign, IL, United States",05/06/2021 18:00:00,72.6,,,33.2,0,0,0,4.3,138.7,6.6,15,92.8,54.9,Overcast
"Champaign, IL, United States",05/06/2021 19:00:00,70.2,,,33.2,0,0,0,5.1,198.1,7.6,15,100,62.5,Overcast
"Champaign, IL, United States",05/06/2021 20:00:00,69,,,33.2,0,0,0,4.8,184.8,6.4,15,74.7,63.8,Partially cloudy
"Champaign, IL, United States",05/06/2021 21:00:00,67.7,,,33.2,0,0,0,4.4,171.5,5.2,15,49.3,65.2,Partially cloudy
"Champaign, IL, United States",05/06/2021 22:00:00,66.5,,,33.2,0,0,0,4,158.2,4,15,24,66.5,Clear
"Champaign, IL, United States",05/06/2021 23:00:00,65,,,33.2,0,0,0,3.5,149.4,3.5,15,22.7,69.3,Clear
"Champaign, IL, United States",05/07/2021 00:00:00,63.6,,,33.2,0,0,0,3,140.7,3,15,21.5,72.1,Clear
"Champaign, IL, United States",05/07/2021 01:00:00,62.1,,,33.2,0,0,0,2.5,131.9,2.5,15,20.2,74.9,Clear
"Champaign, IL, United States",05/07/2021 02:00:00,61.4,,,23.7,0,0,0,3.2,127.1,3.2,15,14.8,77.1,Clear
"Champaign, IL, United States",05/07/2021 03:00:00,60.6,,,23.7,0,0,0,4,122.2,4,15,9.5,79.3,Clear
"Champaign, IL, United States",05/07/2021 04:00:00,59.8,,,23.7,0,0,0,4.7,117.4,4.7,15,4.1,81.5,Clear
"Champaign, IL, United States",05/07/2021 05:00:00,59.7,,,23.7,0,0,0,4.7,121.6,6.2,15,2.7,81.3,Clear
"Champaign, IL, United States",05/07/2021 06:00:00,59.6,,,23.7,0,0,0,4.7,125.9,7.7,15,1.4,81.2,Clear
"Champaign, IL, United States",05/07/2021 07:00:00,59.4,,,23.7,0,0,0,4.7,130.1,9.2,15,0,81,Clear
"Champaign, IL, United States",05/07/2021 08:00:00,63.1,,,9.5,0,0,0,5.4,135,8.9,15,1.7,73.2,Clear
"Champaign, IL, United States",05/07/2021 09:00:00,66.8,,,9.5,0,0,0,6,139.8,8.7,15,3.3,65.3,Clear
"Champaign, IL, United States",05/07/2021 10:00:00,70.4,,,9.5,0,0,0,6.7,144.7,8.5,15,5,57.5,Clear
"Champaign, IL, United States",05/07/2021 11:00:00,72.5,,,9.5,0,0,0,7.1,148.2,8.4,15,5,53.4,Clear
"Champaign, IL, United States",05/07/2021 12:00:00,74.6,,,9.5,0,0,0,7.5,151.7,8.4,15,5,49.3,Clear
"Champaign, IL, United States",05/07/2021 13:00:00,76.7,,,9.5,0,0,0,7.8,155.2,8.3,15,5,45.2,Clear
"Champaign, IL, United States",05/07/2021 14:00:00,77.3,,,19,0,0,0,8.1,152.7,8.4,15,6.8,43.9,Clear
"Champaign, IL, United States",05/07/2021 15:00:00,77.9,,,19,0,0,0,8.3,150.3,8.6,15,8.5,42.5,Clear
"Champaign, IL, United States",05/07/2021 16:00:00,78.5,,,19,0,0,0,8.5,147.8,8.7,15,10.3,41.2,Clear
"Champaign, IL, United States",05/07/2021 17:00:00,76.8,,,19,0,0,0,7.9,148.3,10,15,8.5,46.9,Clear
"Champaign, IL, United States",05/07/2021 18:00:00,75.1,,,19,0,0,0,7.3,148.9,11.3,15,6.8,52.5,Clear
"Champaign, IL, United States",05/07/2021 19:00:00,73.3,,,19,0,0,0,6.7,149.4,12.5,15,5,58.2,Clear
"Champaign, IL, United States",05/07/2021 20:00:00,70.8,,,0,0,0,0,6.9,145.7,13.1,15,5,63.1,Clear
"Champaign, IL, United States",05/07/2021 21:00:00,68.3,,,0,0,0,0,7.2,142.1,13.7,15,4.9,68,Clear
"Champaign, IL, United States",05/07/2021 22:00:00,65.7,,,0,0,0,0,7.4,138.4,14.3,15,4.9,72.9,Clear
"Champaign, IL, United States",05/07/2021 23:00:00,64.6,,,0,0,0,0,7.4,143.7,15.9,15,4.9,75.5,Clear
"Champaign, IL, United States",05/08/2021 00:00:00,63.5,,,0,0,0,0,7.4,149,17.4,15,5,78.2,Clear
"Champaign, IL, United States",05/08/2021 01:00:00,62.3,,,0,0,0,0,7.4,154.3,19,15,5,80.8,Clear
"Champaign, IL, United States",05/08/2021 02:00:00,,,,,0,,,,,,,,,
"Champaign, IL, United States",05/08/2021 03:00:00,,,,,0,,,,,,,,,
"Champaign, IL, United States",05/08/2021 04:00:00,,,,,0,,,,,,,,,
"Champaign, IL, United States",05/08/2021 05:00:00,,,,,0,,,,,,,,,
"Champaign, IL, United States",05/08/2021 06:00:00,,,,,0,,,,,,,,,
"Champaign, IL, United States",05/08/2021 07:00:00,,,,,0,,,,,,,,,
"Champaign, IL, United States",05/08/2021 08:00:00,,,,,0,,,,,,,,,
"Champaign, IL, United States",05/08/2021 09:00:00,,,,,0,,,,,,,,,
"Chicago, IL, United States",04/22/2021 11:00:00,47,42.7,,0,0,0,0,9.2,260,17.2,15,18,40,Clear
"Chicago, IL, United States",04/22/2021 12:00:00,49,44.7,,0,0,0,0,10.3,250,16.1,15,26,40,Partially cloudy
"Chicago, IL, United States",04/22/2021 13:00:00,49.9,45.8,,0,0,0,0,10.3,250,15,15,33,42,Partially cloudy
"Chicago, IL, United States",04/22/2021 14:00:00,52.1,,,0,0,0,0,11.4,250,16.1,15,32,41,Partially cloudy
"Chicago, IL, United States",04/22/2021 15:00:00,53,,,0,0,0,0,11.4,250,18.3,15,31,41,Partially cloudy
"Chicago, IL, United States",04/22/2021 16:00:00,54.1,,,0,0,0,0,12.8,250,19.5,15,30,41,Partially cloudy
"Chicago, IL, United States",04/22/2021 17:00:00,54.9,,,0,0,0,0,12.8,240,18.3,15,21,40,Clear
"Chicago, IL, United States",04/22/2021 18:00:00,54.9,,,0,0,0,0,12.8,240,17.2,15,13,39,Clear
"Chicago, IL, United States",04/22/2021 19:00:00,54.1,,,0,0,0,0,12.8,240,16.1,15,4,41,Clear
"Chicago, IL, United States",04/22/2021 20:00:00,53,,,0,0,0,0,12.8,240,16.1,15,4,43,Clear
"Chicago, IL, United States",04/22/2021 21:00:00,51,,,0,0,0,0,13.9,230,17.2,15,4,46,Clear
"Chicago, IL, United States",04/22/2021 22:00:00,49,43.7,,0,0,0,0,13.9,230,17.2,15,4,52,Clear
"Chicago, IL, United States",04/22/2021 23:00:00,47,41.1,,0,0,0,0,13.9,230,17.2,15,5,55,Clear
"Chicago, IL, United States",04/23/2021 00:00:00,45.9,39.8,,0,0,0,0,13.9,240,16.1,15,5,58,Clear
"Chicago, IL, United States",04/23/2021 01:00:00,45,39,,0,0,0,0,12.8,240,15,15,6,60,Clear
"Chicago, IL, United States",04/23/2021 02:00:00,45,39.4,,0,0,0,0,11.4,240,13.9,15,20,57,Clear
"Chicago, IL, United States",04/23/2021 03:00:00,44,38.9,,0,0,0,0,9.2,230,11.4,15,34,60,Partially cloudy
"Chicago, IL, United States",04/23/2021 04:00:00,44,39.4,,0,0,0,0,8.1,230,10.3,15,48,60,Partially cloudy
"Chicago, IL, United States",04/23/2021 05:00:00,44,39.4,,0,0,0,0,8.1,230,9.2,15,57,60,Partially cloudy
"Chicago, IL, United States",04/23/2021 06:00:00,44,39.4,,0,0,0,0,8.1,220,8.1,15,67,63,Partially cloudy
"Chicago, IL, United States",04/23/2021 07:00:00,44,39.4,,0,0,0,0,8.1,220,9.2,15,76,62,Overcast
"Chicago, IL, United States",04/23/2021 08:00:00,45.9,41.8,,0,0,0,0,8.1,210,11.4,15,72,60,Partially cloudy
"Chicago, IL, United States",04/23/2021 09:00:00,49,45.5,,0,0,0,0,8.1,200,15,15,68,54,Partially cloudy
"Chicago, IL, United States",04/23/2021 10:00:00,52.1,,,0,0,0,0,9.2,200,18.3,15,64,51,Partially cloudy
"Chicago, IL, United States",04/23/2021 11:00:00,54.1,,,0,0,0,0,10.3,200,19.5,15,67,48,Partially cloudy
"Chicago, IL, United States",04/23/2021 12:00:00,54.9,,,0,0,0,0,12.8,200,20.8,15,70,46,Partially cloudy
"Chicago, IL, United States",04/23/2021 13:00:00,56,,,0,0,0,0,13.9,190,20.8,15,73,47,Partially cloudy
"Chicago, IL, United States",04/23/2021 14:00:00,56,,,47.5,0,0,0,13.9,190,20.8,15,76,49,Overcast
"Chicago, IL, United States",04/23/2021 15:00:00,56,,,47.5,0,0,0,12.8,190,19.5,15,79,51,Overcast
"Chicago, IL, United States",04/23/2021 16:00:00,54.9,,,47.5,0,0,0,11.4,190,18.3,15,82,54,Overcast
"Chicago, IL, United States",04/23/2021 17:00:00,54.9,44.4,,47.5,0,0,0,10.3,190,16.1,15,81,55,Overcast
"Chicago, IL, United States",04/23/2021 18:00:00,54.1,43.8,,47.5,0.02,0,0,9.2,180,15,15,81,59,Overcast
"Chicago, IL, United States",04/23/2021 19:00:00,49.9,46.6,,47.5,0.01,0,0,8.1,180,12.8,8.4,80,71,Overcast
"Chicago, IL, United States",04/23/2021 20:00:00,49.2,45.8,,38,0.03,0,0,8.1,173.3,11.9,10.7,78,71,Overcast
"Chicago, IL, United States",04/23/2021 21:00:00,48.6,45.1,,38,0.02,0,0,8.1,166.7,11.2,10.8,77,71,Overcast
"Chicago, IL, United States",04/23/2021 22:00:00,47.9,44.2,,38,0.01,0,0,8.1,160,10.3,14.8,75,76,Partially cloudy
"Chicago, IL, United States",04/23/2021 23:00:00,47.2,43.5,,38,0.02,0,0,7.6,163.3,9.8,11.6,74,76,Partially cloudy
"Chicago, IL, United States",04/24/2021 00:00:00,46.7,43,,38,0.01,0,0,7.4,166.7,9.6,15,74,76,Partially cloudy
"Chicago, IL, United States",04/24/2021 01:00:00,45.9,42.3,,38,0.01,0,0,6.9,170,9.2,15,73,86,Partially cloudy
"Chicago, IL, United States",04/24/2021 02:00:00,45.9,42.6,,52.4,0.01,0,0,6.5,160,8.7,14.2,74,86,"Rain, Partially cloudy"
"Chicago, IL, United States",04/24/2021 03:00:00,45.9,42.7,,52.4,0.02,0,0,6.3,150,8.5,12.8,76,86,"Rain, Overcast"
"Chicago, IL, United States",04/24/2021 04:00:00,45.9,43,,52.4,0.02,0,0,5.8,140,8.1,12.6,77,83,"Rain, Overcast"
"Chicago, IL, United States",04/24/2021 05:00:00,45.2,41.8,,52.4,0.02,0,0,6.3,120,8.5,9.7,81,83,"Rain, Overcast"
"Chicago, IL, United States",04/24/2021 06:00:00,44.7,41.1,,52.4,0.02,0,0,6.5,100,8.7,12.1,84,83,"Rain, Overcast"
"Chicago, IL, United States",04/24/2021 07:00:00,44,40,,52.4,0.02,0,0,6.9,80,9.2,10.9,88,92,"Rain, Overcast"
"Chicago, IL, United States",04/24/2021 08:00:00,44.7,40.6,,66.6,0.02,0,0,7.4,63.3,9.6,1.2,86,92,"Rain, Overcast"
"Chicago, IL, United States",04/24/2021 09:00:00,45.2,41.1,,66.6,0.04,0,0,7.6,46.7,9.8,1.1,83,92,"Rain, Overcast"
"Chicago, IL, United States",04/24/2021 10:00:00,45.9,41.8,,66.6,0.02,0,0,8.1,30,10.3,2.5,81,86,"Rain, Overcast"
"Chicago, IL, United States",04/24/2021 11:00:00,45.9,41.6,,66.6,0,0,0,8.5,26.7,11.2,12.3,79,86,"Rain, Overcast"
"Chicago, IL, United States",04/24/2021 12:00:00,45.9,41.5,,66.6,0,0,0,8.7,23.3,11.9,12.2,78,86,"Rain, Overcast"
"Chicago, IL, United States",04/24/2021 13:00:00,45.9,41.3,,66.6,0,0,0,9.2,20,12.8,12.4,76,89,"Rain, Overcast"
"Chicago, IL, United States",04/24/2021 14:00:00,46.7,42.2,,4.8,0,0,0,9.2,13.3,12.8,12.7,76,89,Overcast
"Chicago, IL, United States",04/24/2021 15:00:00,47.2,42.9,,4.8,0,0,0,9.2,6.7,12.8,14.4,76,89,Overcast
"Chicago, IL, United States",04/24/2021 16:00:00,47.9,43.8,,4.8,0,0,0,9.2,0,12.8,14.7,76,79,Overcast
"Chicago, IL, United States",04/24/2021 17:00:00,48.3,44.2,,4.8,0,0,0,9.2,116.7,12.3,14.7,67,79,Partially cloudy
"Chicago, IL, United States",04/24/2021 18:00:00,48.6,44.7,,4.8,0,0,0,9.2,233.3,11.9,14.7,59,79,Partially cloudy
"Chicago, IL, United States",04/24/2021 19:00:00,49,45.1,,4.8,0,0,0,9.2,350,11.4,14.7,50,74,Partially cloudy
"Chicago, IL, United States",04/24/2021 20:00:00,48.1,43.6,,0,0,0,0,10.3,348.3,13.2,15,49,74,Partially cloudy
"Chicago, IL, United States",04/24/2021 21:00:00,47.4,42.3,,0,0,0,0,11.4,346.7,15,15,48,74,Partially cloudy
"Chicago, IL, United States",04/24/2021 22:00:00,46.5,40.8,,0,0,0,0,12.8,345,16.8,15,47,74,Partially cloudy
"Chicago, IL, United States",04/24/2021 23:00:00,45.6,39.3,,0,0,0,0,13.9,343.3,18.3,15,46,74,Partially cloudy
"Chicago, IL, United States",04/25/2021 00:00:00,44.9,38.1,,0,0,0,0,15,341.7,20.1,15,45,74,Partially cloudy
"Chicago, IL, United States",04/25/2021 01:00:00,44,36.6,,0,0,0,0,16.1,340,21.9,15,44,76,Partially cloudy
"Chicago, IL, United States",04/25/2021 02:00:00,43.1,35.6,,0,0,0,0,15.7,283.3,21.7,15,44,76,Partially cloudy
"Chicago, IL, United States",04/25/2021 03:00:00,42,34.3,,0,0,0,0,15.4,226.7,21.5,15,43,76,Partially cloudy
"Chicago, IL, United States",04/25/2021 04:00:00,41.1,33.2,,0,0,0,0,15,170,21.5,15,43,76,Partially cloudy
"Chicago, IL, United States",04/25/2021 05:00:00,40,32,,0,0,0,0,14.5,113.3,21.3,15,43,76,Partially cloudy
"Chicago, IL, United States",04/25/2021 06:00:00,39.1,30.9,,0,0,0,0,14.3,56.7,21,15,42,76,Partially cloudy
"Chicago, IL, United States",04/25/2021 07:00:00,38,29.7,,0,0,0,0,13.9,0,20.8,15,42,76,Partially cloudy
"Chicago, IL, United States",04/25/2021 08:00:00,39.1,31.2,,0,0,0,0,13.4,3.3,20.1,15,40,76,Partially cloudy
"Chicago, IL, United States",04/25/2021 09:00:00,40,32.5,,0,0,0,0,13,6.7,19.2,15,38,76,Partially cloudy
"Chicago, IL, United States",04/25/2021 10:00:00,41.1,34,,0,0,0,0,12.8,10,18.6,15,36,76,Partially cloudy
"Chicago, IL, United States",04/25/2021 11:00:00,42,35.2,,0,0,0,0,12.3,13.3,17.7,15,34,76,Partially cloudy
"Chicago, IL, United States",04/25/2021 12:00:00,43.1,36.8,,0,0,0,0,11.9,16.7,17,15,32,76,Partially cloudy
"Chicago, IL, United States",04/25/2021 13:00:00,44,38,,0,0,0,0,11.4,20,16.1,15,30,56,Partially cloudy
"Chicago, IL, United States",04/25/2021 14:00:00,44,38.2,,0,0,0,0,11,28.3,15.7,15,34,56,Partially cloudy
"Chicago, IL, United States",04/25/2021 15:00:00,44,38.3,,0,0,0,0,10.7,36.7,15,15,39,56,Partially cloudy
"Chicago, IL, United States",04/25/2021 16:00:00,44,38.5,,0,0,0,0,10.3,45,14.5,3.8,43,56,Partially cloudy
"Chicago, IL, United States",04/25/2021 17:00:00,44,38.6,,0,0.01,0,0,9.8,53.3,13.9,15,47,56,Partially cloudy
"Chicago, IL, United States",04/25/2021 18:00:00,44,38.7,,0,0,0,0,9.6,61.7,13.4,15,52,56,Partially cloudy
"Chicago, IL, United States",04/25/2021 19:00:00,44,38.9,,0,0,0,0,9.2,70,12.8,15,56,55,Partially cloudy
"Chicago, IL, United States",04/25/2021 20:00:00,43.6,38.5,,0,0,0,0,9.2,78.3,12.8,15,57,55,Partially cloudy
"Chicago, IL, United States",04/25/2021 21:00:00,43.2,38,,0,0,0,0,9.2,86.7,12.8,15,58,55,Partially cloudy
"Chicago, IL, United States",04/25/2021 22:00:00,43.1,37.8,,0,0,0,0,9.2,95,12.8,15,59,55,Partially cloudy
"Chicago, IL, United States",04/25/2021 23:00:00,42.7,37.3,,0,0,0,0,9.2,103.3,12.8,15,59,55,Partially cloudy
"Chicago, IL, United States",04/26/2021 00:00:00,42.3,36.9,,0,0,0,0,9.2,111.7,12.8,15,60,55,Partially cloudy
"Chicago, IL, United States",04/26/2021 01:00:00,42,36.5,,0,0,0,0,9.2,120,12.8,15,61,70,Partially cloudy
"Chicago, IL, United States",04/26/2021 02:00:00,42.5,36.8,,4.8,0,0,0,10.1,125,13.6,15,60,70,Partially cloudy
"Chicago, IL, United States",04/26/2021 03:00:00,43.1,37,,4.8,0,0,0,11.2,130,14.5,15,58,70,Partially cloudy
"Chicago, IL, United States",04/26/2021 04:00:00,43.6,37.4,,4.8,0,0,0,12.1,135,15.7,15,57,70,Partially cloudy
"Chicago, IL, United States",04/26/2021 05:00:00,44,37.5,,4.8,0,0,0,13,140,16.6,15,56,70,Partially cloudy
"Chicago, IL, United States",04/26/2021 06:00:00,44.5,37.9,,4.8,0,0,0,14.1,145,17.4,15,54,70,Partially cloudy
"Chicago, IL, United States",04/26/2021 07:00:00,45,38.3,,4.8,0,0,0,15,150,18.3,15,53,73,Partially cloudy
"Chicago, IL, United States",04/26/2021 08:00:00,47.4,41.1,,0,0,0,0,15.7,151.7,19.7,15,54,73,Partially cloudy
"Chicago, IL, United States",04/26/2021 09:00:00,49.7,43.9,,0,0,0,0,16.6,153.3,21,15,54,73,Partially cloudy
"Chicago, IL, United States",04/26/2021 10:00:00,52.1,,,0,0,0,0,17.2,155,22.4,15,55,73,Partially cloudy
"Chicago, IL, United States",04/26/2021 11:00:00,54.2,,,0,0,0,0,17.9,156.7,23.7,15,55,73,Partially cloudy
"Chicago, IL, United States",04/26/2021 12:00:00,56.6,,,0,0,0,0,18.8,158.3,25.1,15,56,73,Partially cloudy
"Chicago, IL, United States",04/26/2021 13:00:00,58.9,,,0,0,0,0,19.5,160,26.4,15,56,53,Partially cloudy
"Chicago, IL, United States",04/26/2021 14:00:00,59.8,,,0,0,0,0,19,161.7,25.9,15,53,53,Partially cloudy
"Chicago, IL, United States",04/26/2021 15:00:00,60.5,,,0,0,0,0,18.8,163.3,25.3,15,50,53,Partially cloudy
"Chicago, IL, United States",04/26/2021 16:00:00,61.4,,,0,0,0,0,18.3,165,24.8,15,47,53,Partially cloudy
"Chicago, IL, United States",04/26/2021 17:00:00,62.3,,,0,0,0,0,17.9,166.7,24.2,15,44,53,Partially cloudy
"Chicago, IL, United States",04/26/2021 18:00:00,63.1,,,0,0,0,0,17.7,168.3,23.7,15,41,53,Partially cloudy
"Chicago, IL, United States",04/26/2021 19:00:00,63.9,,,0,0,0,0,17.2,170,23,15,38,54,Partially cloudy
"Chicago, IL, United States",04/26/2021 20:00:00,63.2,,,4.8,0,0,0,17,173.3,22.4,15,38,54,Partially cloudy
"Chicago, IL, United States",04/26/2021 21:00:00,62.7,,,4.8,0,0,0,16.8,176.7,21.9,15,38,54,Partially cloudy
"Chicago, IL, United States",04/26/2021 22:00:00,62,,,4.8,0,0,0,16.8,180,21.3,15,38,54,Partially cloudy
"Chicago, IL, United States",04/26/2021 23:00:00,61.2,,,4.8,0,0,0,16.6,183.3,20.6,15,38,54,Partially cloudy
"Chicago, IL, United States",04/27/2021 00:00:00,60.7,,,4.8,0,0,0,16.3,186.7,20.1,15,38,54,Partially cloudy
"Chicago, IL, United States",04/27/2021 01:00:00,60,,,4.8,0,0,0,16.1,190,19.5,15,38,65,Partially cloudy
"Chicago, IL, United States",04/27/2021 02:00:00,59.6,,,0,0,0,0,15.9,190,19.2,15,41,65,Partially cloudy
"Chicago, IL, United States",04/27/2021 03:00:00,59.3,,,0,0,0,0,15.7,190,19,15,44,65,Partially cloudy
"Chicago, IL, United States",04/27/2021 04:00:00,59.1,,,0,0,0,0,15.7,190,19,15,47,65,Partially cloudy
"Chicago, IL, United States",04/27/2021 05:00:00,58.7,,,0,0,0,0,15.4,190,18.8,15,50,65,Partially cloudy
"Chicago, IL, United States",04/27/2021 06:00:00,58.4,,,0,0,0,0,15.2,190,18.6,15,53,65,Partially cloudy
"Chicago, IL, United States",04/27/2021 07:00:00,58,,,0,0,0,0,15,190,18.3,15,56,71,Partially cloudy
"Chicago, IL, United States",04/27/2021 08:00:00,60.3,,,4.8,0,0,0,15.4,190,19,15,55,71,Partially cloudy
"Chicago, IL, United States",04/27/2021 09:00:00,62.7,,,4.8,0,0,0,15.7,190,19.5,15,55,71,Partially cloudy
"Chicago, IL, United States",04/27/2021 10:00:00,65,,,4.8,0,0,0,16.1,190,20.1,15,54,71,Partially cloudy
"Chicago, IL, United States",04/27/2021 11:00:00,67.4,,,4.8,0,0,0,16.6,190,20.8,15,53,71,Partially cloudy
"Chicago, IL, United States",04/27/2021 12:00:00,69.7,,,4.8,0,0,0,16.8,190,21.3,15,53,71,Partially cloudy
"Chicago, IL, United States",04/27/2021 13:00:00,72.1,,,4.8,0,0,0,17.2,190,21.9,15,52,51,Partially cloudy
"Chicago, IL, United States",04/27/2021 14:00:00,72.2,,,9.5,0,0,0,17,188.3,21.7,15,54,51,Partially cloudy
"Chicago, IL, United States",04/27/2021 15:00:00,72.4,,,9.5,0,0,0,16.8,186.7,21.5,15,55,51,Partially cloudy
"Chicago, IL, United States",04/27/2021 16:00:00,72.6,,81.2,9.5,0,0,0,16.8,185,21.5,15,57,51,Partially cloudy
"Chicago, IL, United States",04/27/2021 17:00:00,72.6,,,9.5,0,0,0,16.6,183.3,21.3,15,58,51,Partially cloudy
"Chicago, IL, United States",04/27/2021 18:00:00,72.8,,,9.5,0,0,0,16.3,181.7,21,15,60,51,Partially cloudy
"Chicago, IL, United States",04/27/2021 19:00:00,72.9,,,9.5,0,0,0,16.1,180,20.8,15,61,50,Partially cloudy
"Chicago, IL, United States",04/27/2021 20:00:00,71.5,,,38,0,0,0,16.3,181.7,20.6,15,63,50,Partially cloudy
"Chicago, IL, United States",04/27/2021 21:00:00,69.9,,,38,0,0,0,16.6,183.3,20.4,15,64,50,Partially cloudy
"Chicago, IL, United States",04/27/2021 22:00:00,68.4,,,38,0,0,0,16.8,185,20.1,15,66,50,Partially cloudy
"Chicago, IL, United States",04/27/2021 23:00:00,67,,,38,0.02,0,0,16.8,186.7,19.9,13.1,67,50,Partially cloudy
"Chicago, IL, United States",04/28/2021 00:00:00,65.4,,,38,0.02,0,0,17,188.3,19.7,11.2,69,50,Partially cloudy
"Chicago, IL, United States",04/28/2021 01:00:00,63.9,,,38,0.02,0,0,17.2,190,19.5,9.4,70,68,Partially cloudy
"Chicago, IL, United States",04/28/2021 02:00:00,63.1,,,85.6,0.04,0,0,16.8,190,19.7,11.2,73,68,"Rain, Partially cloudy"
"Chicago, IL, United States",04/28/2021 03:00:00,62.3,,,85.6,0.04,0,0,16.1,190,19.9,13,75,68,"Rain, Partially cloudy"
"Chicago, IL, United States",04/28/2021 04:00:00,61.4,,,85.6,0.04,0,0,15.7,190,20.1,14.9,78,68,"Rain, Overcast"
"Chicago, IL, United States",04/28/2021 05:00:00,60.5,,,85.6,0.01,0,0,15,190,20.4,14.9,80,68,"Rain, Overcast"
"Chicago, IL, United States",04/28/2021 06:00:00,59.8,,,85.6,0.01,0,0,14.5,190,20.6,14.9,83,68,"Rain, Overcast"
"Chicago, IL, United States",04/28/2021 07:00:00,58.9,,,85.6,0.01,0,0,13.9,190,20.8,15,85,83,"Rain, Overcast"
"Chicago, IL, United States",04/28/2021 08:00:00,60,,,57,0,0,0,14.3,190,20.8,15,83,83,"Rain, Overcast"
"Chicago, IL, United States",04/28/2021 09:00:00,60.9,,,57,0,0,0,14.5,190,20.8,15,82,83,"Rain, Overcast"
"Chicago, IL, United States",04/28/2021 10:00:00,62,,,57,0,0,0,15,190,20.8,15,80,83,"Rain, Overcast"
"Chicago, IL, United States",04/28/2021 11:00:00,63.1,,,57,0,0,0,15.4,190,20.8,15,78,83,"Rain, Overcast"
"Chicago, IL, United States",04/28/2021 12:00:00,63.9,,,57,0,0,0,15.7,190,20.8,15,77,83,"Rain, Overcast"
"Chicago, IL, United States",04/28/2021 13:00:00,65,,,57,0,0,0,16.1,190,20.8,15,75,67,"Rain, Partially cloudy"
"Chicago, IL, United States",04/28/2021 14:00:00,64.1,,,61.9,0.01,0,0,16.1,191.7,20.4,15,75,67,"Rain, Partially cloudy"
"Chicago, IL, United States",04/28/2021 15:00:00,63.4,,,61.9,0.01,0,0,16.1,193.3,19.9,15,75,67,"Rain, Partially cloudy"
"Chicago, IL, United States",04/28/2021 16:00:00,62.5,,,61.9,0.01,0,0,16.1,195,19.7,15,76,67,"Rain, Overcast"
"Chicago, IL, United States",04/28/2021 17:00:00,61.6,,,61.9,0,0,0,16.1,196.7,19.2,15,76,67,"Rain, Overcast"
"Chicago, IL, United States",04/28/2021 18:00:00,60.9,,,61.9,0,0,0,16.1,198.3,18.8,15,76,67,"Rain, Overcast"
"Chicago, IL, United States",04/28/2021 19:00:00,60,,,61.9,0,0,0,16.1,200,18.3,15,76,73,"Rain, Overcast"
"Chicago, IL, United States",04/28/2021 20:00:00,64.7,,,66.6,0.01,0,0,11.5,196.1,23.1,13.8,100,68.6,"Rain, Overcast"
"Chicago, IL, United States",04/28/2021 21:00:00,63.2,,,66.6,0.01,0,0,10.9,201.5,23,12.6,100,74.3,"Rain, Overcast"
"Chicago, IL, United States",04/28/2021 22:00:00,61.6,,,66.6,0.01,0,0,10.3,206.9,22.8,11.4,100,79.9,"Rain, Overcast"
"Chicago, IL, United States",04/28/2021 23:00:00,57.8,,,66.6,0.04,0,0,11.6,143.7,24.7,7.8,100,84.7,"Rain, Overcast"
"Chicago, IL, United States",04/29/2021 00:00:00,53.9,,,66.6,0.04,0,0,12.8,80.6,26.5,4.2,100,89.6,"Rain, Overcast"
"Chicago, IL, United States",04/29/2021 01:00:00,50.1,,,66.6,0.04,0,0,14.1,17.4,28.4,0.6,100,94.4,"Rain, Overcast"
"Chicago, IL, United States",04/29/2021 02:00:00,47.9,41.7,,42.9,0.01,0,0,16,15.5,31.7,5.4,100,91.7,Overcast
"Chicago, IL, United States",04/29/2021 03:00:00,45.8,38.5,,42.9,0.01,0,0,18,13.5,35,10.2,100,89.1,Overcast
"Chicago, IL, United States",04/29/2021 04:00:00,43.6,35.2,,42.9,0.01,0,0,19.9,11.6,38.3,15,100,86.4,Overcast
"Chicago, IL, United States",04/29/2021 05:00:00,43.4,35.1,,42.9,0.01,0,0,19.5,9.3,37.5,15,100,86.3,Overcast
"Chicago, IL, United States",04/29/2021 06:00:00,43.3,35,,42.9,0.01,0,0,19,7,36.8,15,100,86.1,Overcast
"Chicago, IL, United States",04/29/2021 07:00:00,43.1,34.8,,42.9,0.01,0,0,18.6,4.7,36,15,100,86,Overcast
"Chicago, IL, United States",04/29/2021 08:00:00,43.9,35.9,,33.2,0,0,0,18.5,4.7,35.3,15,97.2,79.7,Overcast
"Chicago, IL, United States",04/29/2021 09:00:00,44.6,36.9,,33.2,0,0,0,18.4,4.8,34.7,15,94.3,73.3,Overcast
"Chicago, IL, United States",04/29/2021 10:00:00,45.4,37.9,,33.2,0,0,0,18.3,4.8,34,15,91.5,67,Overcast
"Chicago, IL, United States",04/29/2021 11:00:00,46.4,39.2,,33.2,0,0,0,18.9,9.4,33.2,15,62.5,63,Partially cloudy
"Chicago, IL, United States",04/29/2021 12:00:00,47.5,40.4,,33.2,0,0,0,19.4,14.1,32.4,15,33.6,59,Partially cloudy
"Chicago, IL, United States",04/29/2021 13:00:00,48.5,41.6,,33.2,0,0,0,19.9,18.7,31.5,15,4.6,55,Clear
"Chicago, IL, United States",04/29/2021 14:00:00,48.2,41.5,,23.7,0,0,0,18.8,19.7,29.9,15,4.6,54.6,Clear
"Chicago, IL, United States",04/29/2021 15:00:00,48,41.4,,23.7,0,0,0,17.7,20.7,28.3,15,4.6,54.3,Clear
"Chicago, IL, United States",04/29/2021 16:00:00,47.7,41.4,,23.7,0,0,0,16.6,21.7,26.6,15,4.6,53.9,Clear
"Chicago, IL, United States",04/29/2021 17:00:00,46.2,39.6,,23.7,0,0,0,15.7,21.1,27.9,15,3.1,54.3,Clear
"Chicago, IL, United States",04/29/2021 18:00:00,44.6,37.8,,23.7,0,0,0,14.8,20.5,29.2,15,1.5,54.6,Clear
"Chicago, IL, United States",04/29/2021 19:00:00,43.1,36.1,,23.7,0,0,0,13.9,19.9,30.4,15,0,55,Clear
"Chicago, IL, United States",04/29/2021 20:00:00,42.4,35.1,,28.6,0,0,0,14,18.2,31.5,15,0,55.2,Clear
"Chicago, IL, United States",04/29/2021 21:00:00,41.6,34.2,,28.6,0,0,0,14.2,16.6,32.7,15,0,55.5,Clear
"Chicago, IL, United States",04/29/2021 22:00:00,40.9,33.2,,28.6,0,0,0,14.3,14.9,33.8,15,0,55.7,Clear
"Chicago, IL, United States",04/29/2021 23:00:00,40.1,32.2,,28.6,0,0,0,14.5,16.7,31.8,15,1.7,57.5,Clear
"Chicago, IL, United States",04/30/2021 00:00:00,39.4,31.1,,28.6,0,0,0,14.6,18.4,29.8,15,3.3,59.2,Clear
"Chicago, IL, United States",04/30/2021 01:00:00,38.6,30.1,,28.6,0,0,0,14.8,20.2,27.7,15,5,61,Clear
"Chicago, IL, United States",04/30/2021 02:00:00,38.5,30.1,,33.2,0,0,0,14.5,19.2,27.1,15,5,64,Clear
"Chicago, IL, United States",04/30/2021 03:00:00,38.5,30.1,,33.2,0,0,0,14.3,18.3,26.5,15,5,66.9,Clear
"Chicago, IL, United States",04/30/2021 04:00:00,38.4,30.1,,33.2,0,0,0,14.1,17.3,25.9,15,5,69.9,Clear
"Chicago, IL, United States",04/30/2021 05:00:00,38.7,30.5,,33.2,0,0,0,13.9,17.3,26,15,5,70.3,Clear
"Chicago, IL, United States",04/30/2021 06:00:00,39,31,,33.2,0,0,0,13.6,17.3,26.1,15,5,70.6,Clear
"Chicago, IL, United States",04/30/2021 07:00:00,39.3,31.4,,33.2,0,0,0,13.4,17.3,26.2,15,5,71,Clear
"Chicago, IL, United States",04/30/2021 08:00:00,40.8,33.2,,19,0,0,0,14.2,18.5,25.4,15,3.9,64.7,Clear
"Chicago, IL, United States",04/30/2021 09:00:00,42.4,34.9,,19,0,0,0,15.1,19.6,24.7,15,2.9,58.5,Clear
"Chicago, IL, United States",04/30/2021 10:00:00,44,36.7,,19,0,0,0,15.9,20.8,23.9,15,1.8,52.2,Clear
"Chicago, IL, United States",04/30/2021 11:00:00,44.6,37.6,,19,0,0,0,15.7,20.7,23.5,15,34.5,50.7,Partially cloudy
"Chicago, IL, United States",04/30/2021 12:00:00,45.3,38.5,,19,0,0,0,15.6,20.5,23,15,67.3,49.2,Partially cloudy
"Chicago, IL, United States",04/30/2021 13:00:00,45.9,39.3,,19,0,0,0,15.4,20.4,22.6,15,100,47.7,Overcast
"Chicago, IL, United States",04/30/2021 14:00:00,45.8,39.4,,19,0,0,0,14.8,17.3,21.6,15,100,46,Overcast
"Chicago, IL, United States",04/30/2021 15:00:00,45.7,39.4,,19,0,0,0,14.1,14.3,20.7,15,100,44.4,Overcast
"Chicago, IL, United States",04/30/2021 16:00:00,45.6,39.4,,19,0,0,0,13.4,11.2,19.7,15,100,42.7,Overcast
"Chicago, IL, United States",04/30/2021 17:00:00,45.2,39,,19,0,0,0,13,125.3,20.1,15,100,44,Overcast
"Chicago, IL, United States",04/30/2021 18:00:00,44.8,38.6,,19,0,0,0,12.7,239.3,20.6,15,100,45.4,Overcast
"Chicago, IL, United States",04/30/2021 19:00:00,44.3,38.2,,19,0,0,0,12.3,353.4,21,15,100,46.7,Overcast
"Chicago, IL, United States",04/30/2021 20:00:00,43.9,37.9,,23.7,0,0,0,11.7,353.7,20.3,15,100,51.8,Overcast
"Chicago, IL, United States",04/30/2021 21:00:00,43.5,37.5,,23.7,0,0,0,11.1,353.9,19.5,15,100,56.9,Overcast
"Chicago, IL, United States",04/30/2021 22:00:00,43.1,37.2,,23.7,0,0,0,10.5,354.2,18.8,15,100,62,Overcast
"Chicago, IL, United States",04/30/2021 23:00:00,42.6,36.8,,23.7,0.02,0,0,10.1,354,19.1,13.9,100,71.9,Overcast
"Chicago, IL, United States",05/01/2021 00:00:00,42.1,36.4,,23.7,0.02,0,0,9.8,353.8,19.4,12.8,100,81.9,Overcast
"Chicago, IL, United States",05/01/2021 01:00:00,41.6,35.9,,23.7,0.02,0,0,9.4,353.6,19.7,11.7,100,91.8,Overcast
"Chicago, IL, United States",05/01/2021 02:00:00,41.6,35.8,,4.8,0.01,0,0,9.5,351.5,19.2,12.8,100,92.2,Overcast
"Chicago, IL, United States",05/01/2021 03:00:00,41.5,35.6,,4.8,0.01,0,0,9.7,349.5,18.6,13.9,100,92.7,Overcast
"Chicago, IL, United States",05/01/2021 04:00:00,41.4,35.5,,4.8,0.01,0,0,9.8,347.4,18.1,15,100,93.1,Overcast
"Chicago, IL, United States",05/01/2021 05:00:00,41.3,35.2,,4.8,0,0,0,10.3,232,18.8,15,100,93.2,Overcast
"Chicago, IL, United States",05/01/2021 06:00:00,41.2,34.8,,4.8,0,0,0,10.7,116.7,19.5,15,100,93.2,Overcast
"Chicago, IL, United States",05/01/2021 07:00:00,41.1,34.5,,4.8,0,0,0,11.2,1.3,20.1,15,100,93.3,Overcast
"Chicago, IL, United States",05/01/2021 08:00:00,41.4,35.2,,4.8,0,0,0,10.7,1.3,18.5,15,100,92.5,Overcast
"Chicago, IL, United States",05/01/2021 09:00:00,41.8,35.8,,4.8,0,0,0,10.1,1.4,16.9,15,100,91.7,Overcast
"Chicago, IL, United States",05/01/2021 10:00:00,42.2,36.5,,4.8,0,0,0,9.6,1.4,15.2,15,100,90.9,Overcast
"Chicago, IL, United States",05/01/2021 11:00:00,42.4,36.9,,4.8,0,0,0,9.3,4.3,14.6,11.8,100,90.6,Overcast
"Chicago, IL, United States",05/01/2021 12:00:00,42.6,37.3,,4.8,0,0,0,9,7.2,14,8.6,100,90.4,Overcast
"Chicago, IL, United States",05/01/2021 13:00:00,42.9,37.8,,4.8,0,0,0,8.7,10.1,13.4,5.3,100,90.1,Overcast
"Chicago, IL, United States",05/01/2021 14:00:00,43.1,38.2,,9.5,0,0,0,8.3,11,12.9,8.5,100,90.3,Overcast
"Chicago, IL, United States",05/01/2021 15:00:00,43.2,38.6,,9.5,0,0,0,7.8,11.9,12.4,11.6,100,90.4,Overcast
"Chicago, IL, United States",05/01/2021 16:00:00,43.4,39.1,,9.5,0,0,0,7.4,12.8,11.9,14.8,100,90.6,Overcast
"Chicago, IL, United States",05/01/2021 17:00:00,43.2,39,,9.5,0.01,0,0,7,13.6,12,14.8,100,92.2,Overcast
"Chicago, IL, United States",05/01/2021 18:00:00,43,38.9,,9.5,0.01,0,0,6.6,14.4,12.2,14.7,100,93.8,Overcast
"Chicago, IL, United States",05/01/2021 19:00:00,42.7,38.8,,9.5,0.01,0,0,6.3,15.2,12.3,14.7,100,95.4,Overcast
"Chicago, IL, United States",05/01/2021 20:00:00,42.7,39.3,,4.8,0.02,0,0,5.5,17.5,11,10.1,100,96,Overcast
"Chicago, IL, United States",05/01/2021 21:00:00,42.7,39.8,,4.8,0.02,0,0,4.8,19.7,9.6,5.4,100,96.7,Overcast
"Chicago, IL, United States",05/01/2021 22:00:00,42.7,40.4,,4.8,0.02,0,0,4,22,8.3,0.7,100,97.3,Overcast
"Chicago, IL, United States",05/01/2021 23:00:00,42.8,40.8,,4.8,0,0,0,3.8,22.6,7.4,0.8,100,97.3,Overcast
"Chicago, IL, United States",05/02/2021 00:00:00,43,41.1,,4.8,0,0,0,3.6,23.2,6.5,0.8,100,97.4,Overcast
"Chicago, IL, United States",05/02/2021 01:00:00,43.1,41.5,,4.8,0,0,0,3.4,23.8,5.6,0.8,100,97.4,Overcast
"Chicago, IL, United States",05/02/2021 02:00:00,43.1,41.8,,9.5,0,0,0,3.1,31.5,5.2,4.4,100,97.4,Overcast
"Chicago, IL, United States",05/02/2021 03:00:00,43.2,,,9.5,0,0,0,2.9,39.1,4.8,8.1,100,97.3,Overcast
"Chicago, IL, United States",05/02/2021 04:00:00,43.2,,,9.5,0,0,0,2.7,46.8,4.5,11.7,100,97.3,Overcast
"Chicago, IL, United States",05/02/2021 05:00:00,43.6,,,9.5,0,0,0,2.5,63.2,4.3,12.8,99.1,96,Overcast
"Chicago, IL, United States",05/02/2021 06:00:00,44,,,9.5,0,0,0,2.4,79.5,4,13.9,98.2,94.8,Overcast
"Chicago, IL, United States",05/02/2021 07:00:00,44.3,,,9.5,0,0,0,2.2,95.9,3.8,15,97.3,93.5,Overcast
"Chicago, IL, United States",05/02/2021 08:00:00,45.6,,,4.8,0,0,0,2.9,95.6,4.1,15,97.5,90,Overcast
"Chicago, IL, United States",05/02/2021 09:00:00,46.9,45.6,,4.8,0,0,0,3.6,95.4,4.4,15,97.8,86.4,Overcast
"Chicago, IL, United States",05/02/2021 10:00:00,48.1,46.5,,4.8,0,0,0,4.3,95.1,4.7,15,98,82.9,Overcast
"Chicago, IL, United States",05/02/2021 11:00:00,48.5,47,,4.8,0,0,0,4.1,90.7,4.1,15,97.8,81.1,Overcast
"Chicago, IL, United States",05/02/2021 12:00:00,48.8,47.6,,4.8,0,0,0,4,86.3,3.5,15,97.5,79.2,Overcast
"Chicago, IL, United States",05/02/2021 13:00:00,49.2,48.1,,4.8,0,0,0,3.8,81.9,2.9,15,97.3,77.4,Overcast
"Chicago, IL, United States",05/02/2021 14:00:00,50.4,,,9.5,0,0,0,4.6,76.5,3.1,14.9,98.2,73.2,Overcast
"Chicago, IL, United States",05/02/2021 15:00:00,51.6,,,9.5,0,0,0,5.4,71,3.4,14.8,99.1,69,Overcast
"Chicago, IL, United States",05/02/2021 16:00:00,52.8,,,9.5,0,0,0,6.3,65.6,3.6,14.7,100,64.8,Overcast
"Chicago, IL, United States",05/02/2021 17:00:00,51.5,,,9.5,0,0,0,5.8,59.9,4.4,14.8,100,67.9,Overcast
"Chicago, IL, United States",05/02/2021 18:00:00,50.2,,,9.5,0,0,0,5.4,54.3,5.2,14.9,100,70.9,Overcast
"Chicago, IL, United States",05/02/2021 19:00:00,48.8,46.9,,9.5,0,0,0,4.9,48.6,6,15,100,74,Overcast
"Chicago, IL, United States",05/02/2021 20:00:00,48.2,46.6,,19,0,0,0,4.3,46,5.4,15,93.6,75.4,Overcast
"Chicago, IL, United States",05/02/2021 21:00:00,47.6,46.5,,19,0,0,0,3.6,43.5,4.8,15,87.2,76.9,Overcast
"Chicago, IL, United States",05/02/2021 22:00:00,47,,,19,0,0,0,2.9,40.9,4.3,15,80.8,78.3,Overcast
"Chicago, IL, United States",05/02/2021 23:00:00,46.5,,,19,0,0,0,3,28.8,4.1,15,55.5,79.9,Partially cloudy
"Chicago, IL, United States",05/03/2021 00:00:00,46,45,,19,0,0,0,3.1,16.8,4,15,30.3,81.4,Partially cloudy
"Chicago, IL, United States",05/03/2021 01:00:00,45.4,44.4,,19,0,0,0,3.1,4.7,3.8,15,5,83,Clear
"Chicago, IL, United States",05/03/2021 02:00:00,44.9,43.6,,23.7,0,0,0,3.3,123,4.2,15,5.9,84.4,Clear
"Chicago, IL, United States",05/03/2021 03:00:00,44.3,42.8,,23.7,0,0,0,3.4,241.4,4.5,15,6.9,85.9,Clear
"Chicago, IL, United States",05/03/2021 04:00:00,43.8,42.1,,23.7,0,0,0,3.6,359.7,4.9,15,7.8,87.3,Clear
"Chicago, IL, United States",05/03/2021 05:00:00,44.4,43.1,,23.7,0,0,0,3.3,345.1,4.8,15,38.5,85,Partially cloudy
"Chicago, IL, United States",05/03/2021 06:00:00,45.1,,,23.7,0,0,0,3,330.5,4.6,15,69.3,82.8,Partially cloudy
"Chicago, IL, United States",05/03/2021 07:00:00,45.8,,,23.7,0,0,0,2.7,315.9,4.5,15,100,80.5,Overcast
"Chicago, IL, United States",05/03/2021 08:00:00,48,47.3,,42.9,0,0,0,3.1,310,4.8,15,100,75.2,Overcast
"Chicago, IL, United States",05/03/2021 09:00:00,50.2,,,42.9,0,0,0,3.4,304.2,5.2,15,100,69.8,Overcast
"Chicago, IL, United States",05/03/2021 10:00:00,52.4,,,42.9,0,0,0,3.8,298.3,5.6,15,100,64.5,Overcast
"Chicago, IL, United States",05/03/2021 11:00:00,55.4,,,42.9,0,0,0,4.7,206.8,6.6,15,68.3,62,Partially cloudy
"Chicago, IL, United States",05/03/2021 12:00:00,58.3,,,42.9,0,0,0,5.6,115.2,7.7,15,36.7,59.5,Partially cloudy
"Chicago, IL, United States",05/03/2021 13:00:00,61.2,,,42.9,0,0,0,6.5,23.7,8.7,15,5,57,Clear
"Chicago, IL, United States",05/03/2021 14:00:00,60.2,,,23.7,0,0,0,6.9,30.5,8.6,13.9,10.7,60.6,Clear
"Chicago, IL, United States",05/03/2021 15:00:00,59.2,,,23.7,0,0,0,7.4,37.4,8.6,12.9,16.5,64.3,Clear
"Chicago, IL, United States",05/03/2021 16:00:00,58.2,,,23.7,0,0,0,7.8,44.2,8.5,11.9,22.2,67.9,Clear
"Chicago, IL, United States",05/03/2021 17:00:00,55.7,,,23.7,0,0,0,7.4,44.7,9.2,7.9,43.9,74,Partially cloudy
"Chicago, IL, United States",05/03/2021 18:00:00,53.1,,,23.7,0,0,0,6.9,45.1,9.8,4,65.6,80.2,Partially cloudy
"Chicago, IL, United States",05/03/2021 19:00:00,50.6,,,23.7,0,0,0,6.5,45.6,10.5,0.1,87.3,86.3,Overcast
"Chicago, IL, United States",05/03/2021 20:00:00,49.4,47.1,,23.7,0,0,0,5.7,44.6,9,0.7,91.5,88.3,Overcast
"Chicago, IL, United States",05/03/2021 21:00:00,48.1,46,,23.7,0,0,0,5,43.6,7.5,1.3,95.8,90.4,Overcast
"Chicago, IL, United States",05/03/2021 22:00:00,46.8,45,,23.7,0,0,0,4.3,42.6,6,1.9,100,92.4,Overcast
"Chicago, IL, United States",05/03/2021 23:00:00,46.5,45,,23.7,0,0,0,3.8,43.6,5.5,1.4,100,93.2,Overcast
"Chicago, IL, United States",05/04/2021 00:00:00,46.1,45,,23.7,0,0,0,3.4,44.7,5,0.9,100,94.1,Overcast
"Chicago, IL, United States",05/04/2021 01:00:00,45.8,,,23.7,0,0,0,2.9,45.7,4.5,0.4,100,94.9,Overcast
"Chicago, IL, United States",05/04/2021 02:00:00,45.3,44.4,,19,0,0,0,3.1,51.4,4.3,1.8,98.8,94.7,Overcast
"Chicago, IL, United States",05/04/2021 03:00:00,44.9,43.7,,19,0,0,0,3.2,57.2,4.2,3.2,97.6,94.6,Overcast
"Chicago, IL, United States",05/04/2021 04:00:00,44.5,43.1,,19,0,0,0,3.4,62.9,4,4.6,96.4,94.4,Overcast
"Chicago, IL, United States",05/04/2021 05:00:00,44.7,43.3,,19,0,0,0,3.4,63.4,4,8,97.6,93.3,Overcast
"Chicago, IL, United States",05/04/2021 06:00:00,44.9,43.5,,19,0,0,0,3.4,63.9,3.9,11.4,98.8,92.2,Overcast
"Chicago, IL, United States",05/04/2021 07:00:00,45,43.7,,19,0,0,0,3.4,64.4,3.8,14.9,100,91.1,Overcast
"Chicago, IL, United States",05/04/2021 08:00:00,47.6,46.4,,19,0,0,0,3.6,70.2,3.7,13.9,100,84.6,Overcast
"Chicago, IL, United States",05/04/2021 09:00:00,50.1,,,19,0,0,0,3.8,76,3.5,12.9,100,78,Overcast
"Chicago, IL, United States",05/04/2021 10:00:00,52.6,,,19,0,0,0,4,81.8,3.4,11.9,100,71.5,Overcast
"Chicago, IL, United States",05/04/2021 11:00:00,54.8,,,19,0,0,0,4.5,80.8,3.7,11.9,100,66.8,Overcast
"Chicago, IL, United States",05/04/2021 12:00:00,57.1,,,19,0,0,0,4.9,79.9,4.1,11.8,100,62.1,Overcast
"Chicago, IL, United States",05/04/2021 13:00:00,59.3,,,19,0,0,0,5.4,78.9,4.5,11.8,100,57.4,Overcast
"Chicago, IL, United States",05/04/2021 14:00:00,58.8,,,28.6,0,0,0,5.8,74.6,5.1,11.8,100,58.3,Overcast
"Chicago, IL, United States",05/04/2021 15:00:00,58.3,,,28.6,0,0,0,6.3,70.3,5.8,11.8,100,59.3,Overcast
"Chicago, IL, United States",05/04/2021 16:00:00,57.8,,,28.6,0,0,0,6.7,66,6.5,11.9,100,60.2,Overcast
"Chicago, IL, United States",05/04/2021 17:00:00,55.8,,,28.6,0,0,0,6.3,70.3,7,11.9,100,65.3,Overcast
"Chicago, IL, United States",05/04/2021 18:00:00,53.9,,,28.6,0,0,0,6,74.7,7.5,12,100,70.4,Overcast
"Chicago, IL, United States",05/04/2021 19:00:00,51.9,,,28.6,0,0,0,5.6,79,8.1,12.1,100,75.5,Overcast
"Chicago, IL, United States",05/04/2021 20:00:00,51.5,,,19,0.02,0,0,4.9,96.2,7.5,10,100,81.5,Overcast
"Chicago, IL, United States",05/04/2021 21:00:00,51.2,,,19,0.02,0,0,4.3,113.5,7,7.9,100,87.6,Overcast
"Chicago, IL, United States",05/04/2021 22:00:00,50.8,,,19,0.02,0,0,3.6,130.7,6.5,5.8,100,93.6,Overcast
"Chicago, IL, United States",05/04/2021 23:00:00,51.2,,,19,0.06,0,0,3.6,134.7,6.6,5.8,100,95.3,Overcast
"Chicago, IL, United States",05/05/2021 00:00:00,51.5,,,19,0.06,0,0,3.6,138.8,6.6,5.7,100,97.1,Overcast
"Chicago, IL, United States",05/05/2021 01:00:00,51.9,,,19,0.06,0,0,3.6,142.8,6.7,5.7,100,98.8,Overcast
"Chicago, IL, United States",05/05/2021 02:00:00,52.1,,,19,0.01,0,0,3.6,152.1,7.5,7.7,100,98.9,Overcast
"Chicago, IL, United States",05/05/2021 03:00:00,52.4,,,19,0.01,0,0,3.6,161.4,8.2,9.8,100,99,Overcast
"Chicago, IL, United States",05/05/2021 04:00:00,52.6,,,19,0.01,0,0,3.6,170.7,8.9,11.9,100,99.1,Overcast
"Chicago, IL, United States",05/05/2021 05:00:00,53.3,,,19,0.02,0,0,4.3,184.2,13,9.9,100,99.1,Overcast
"Chicago, IL, United States",05/05/2021 06:00:00,53.9,,,19,0.02,0,0,4.9,197.7,17.1,7.9,100,99,Overcast
"Chicago, IL, United States",05/05/2021 07:00:00,54.6,,,19,0.02,0,0,5.6,211.2,21.3,5.9,100,99,Overcast
"Chicago, IL, United States",05/05/2021 08:00:00,56.2,,,28.6,0,0,0,6.3,220.5,19.5,8.9,95,95.8,Overcast
"Chicago, IL, United States",05/05/2021 09:00:00,57.8,,,28.6,0,0,0,7.1,229.7,17.8,11.9,90,92.6,Overcast
"Chicago, IL, United States",05/05/2021 10:00:00,59.4,,,28.6,0,0,0,7.8,239,16.1,14.9,85,89.4,Overcast
"Chicago, IL, United States",05/05/2021 11:00:00,61.7,,,28.6,0,0,0,8.2,240.6,15.7,14.9,72.5,82.4,Partially cloudy
"Chicago, IL, United States",05/05/2021 12:00:00,63.9,,,28.6,0,0,0,8.6,242.3,15.4,15,59.9,75.5,Partially cloudy
"Chicago, IL, United States",05/05/2021 13:00:00,66.1,,,28.6,0,0,0,8.9,243.9,15,15,47.4,68.5,Partially cloudy
"Chicago, IL, United States",05/05/2021 14:00:00,66.8,,,23.7,0.01,0,0,8.8,258.3,15.1,15,62.3,66.6,Partially cloudy
"Chicago, IL, United States",05/05/2021 15:00:00,67.4,,,23.7,0.01,0,0,8.6,272.8,15.1,15,77.1,64.6,Overcast
"Chicago, IL, United States",05/05/2021 16:00:00,68.1,,,23.7,0.01,0,0,8.5,287.2,15.2,15,92,62.7,Overcast
"Chicago, IL, United States",05/05/2021 17:00:00,67.3,,,23.7,0,0,0,8.4,304.1,14.9,15,61.5,62.8,Partially cloudy
"Chicago, IL, United States",05/05/2021 18:00:00,66.4,,,23.7,0,0,0,8.2,321,14.6,15,31,62.8,Partially cloudy
"Chicago, IL, United States",05/05/2021 19:00:00,65.6,,,23.7,0,0,0,8.1,337.9,14.3,15,0.5,62.9,Clear
"Chicago, IL, United States",05/05/2021 20:00:00,63.2,,,28.6,0,0,0,5.9,336.2,10.1,14,1.3,69.1,Clear
"Chicago, IL, United States",05/05/2021 21:00:00,60.9,,,28.6,0,0,0,3.7,334.5,6,12.9,2.2,75.4,Clear
"Chicago, IL, United States",05/05/2021 22:00:00,58.6,,,28.6,0,0,0,1.6,332.8,1.8,11.9,3,81.6,Clear
"Chicago, IL, United States",05/05/2021 23:00:00,57.8,,,28.6,0,0,0,2.1,318.4,2.2,11.9,2.6,82.6,Clear
"Chicago, IL, United States",05/06/2021 00:00:00,57,,,28.6,0,0,0,2.6,303.9,2.7,11.9,2.1,83.6,Clear
"Chicago, IL, United States",05/06/2021 01:00:00,56.2,,,28.6,0,0,0,3.1,289.5,3.1,11.9,1.7,84.6,Clear
"Chicago, IL, United States",05/06/2021 02:00:00,55.4,,,28.6,0,0,0,3.4,299.9,3.4,11.9,14.4,85.9,Clear
"Chicago, IL, United States",05/06/2021 03:00:00,54.7,,,28.6,0,0,0,3.6,310.3,3.7,11.9,27,87.2,Partially cloudy
"Chicago, IL, United States",05/06/2021 04:00:00,53.9,,,28.6,0,0,0,3.8,320.7,4,11.9,39.7,88.5,Partially cloudy
"Chicago, IL, United States",05/06/2021 05:00:00,53.8,,,28.6,0,0,0,4,219.2,6,11.8,30.1,87.9,Partially cloudy
"Chicago, IL, United States",05/06/2021 06:00:00,53.6,,,28.6,0,0,0,4.3,117.6,7.9,11.8,20.6,87.4,Clear
"Chicago, IL, United States",05/06/2021 07:00:00,53.5,,,28.6,0,0,0,4.5,16.1,9.8,11.8,11,86.8,Clear
"Chicago, IL, United States",05/06/2021 08:00:00,54,,,28.6,0,0,0,5,28.8,8.6,11.8,11.9,81.3,Clear
"Chicago, IL, United States",05/06/2021 09:00:00,54.5,,,28.6,0,0,0,5.5,41.6,7.3,11.8,12.9,75.8,Clear
"Chicago, IL, United States",05/06/2021 10:00:00,54.9,,,28.6,0,0,0,6,54.3,6,11.9,13.8,70.3,Clear
"Chicago, IL, United States",05/06/2021 11:00:00,55.4,,,28.6,0,0,0,6.3,55.3,6.4,11.9,13.3,69.4,Clear
"Chicago, IL, United States",05/06/2021 12:00:00,55.8,,,28.6,0,0,0,6.6,56.3,6.8,11.9,12.7,68.5,Clear
"Chicago, IL, United States",05/06/2021 13:00:00,56.3,,,28.6,0,0,0,6.8,57.4,7.2,11.9,12.2,67.6,Clear
"Chicago, IL, United States",05/06/2021 14:00:00,56.7,,,28.6,0,0,0,7.1,58.4,7.5,11.9,11.7,66.7,Clear
"Chicago, IL, United States",05/06/2021 15:00:00,57.2,,,28.6,0,0,0,7.3,59.4,7.9,11.9,11.1,65.8,Clear
"Chicago, IL, United States",05/06/2021 16:00:00,57.6,,,28.6,0,0,0,7.6,60.4,8.3,11.9,10.6,64.9,Clear
"Chicago, IL, United States",05/06/2021 17:00:00,55.6,,,28.6,0,0,0,7.6,58.9,8.9,11.9,18.2,70.6,Clear
"Chicago, IL, United States",05/06/2021 18:00:00,53.6,,,28.6,0,0,0,7.6,57.5,9.6,12,25.8,76.3,Partially cloudy
"Chicago, IL, United States",05/06/2021 19:00:00,51.5,,,28.6,0,0,0,7.6,56,10.3,12,33.4,82,Partially cloudy
"Chicago, IL, United States",05/06/2021 20:00:00,49.8,47,,33.2,0,0,0,6.8,56.6,9.7,12,45.9,83.7,Partially cloudy
"Chicago, IL, United States",05/06/2021 21:00:00,48,45.4,,33.2,0,0,0,6,57.1,9.1,11.9,58.3,85.3,Partially cloudy
"Chicago, IL, United States",05/06/2021 22:00:00,46.3,43.8,,33.2,0,0,0,5.1,57.7,8.5,11.9,70.8,87,Partially cloudy
"Chicago, IL, United States",05/06/2021 23:00:00,46.6,44.6,,33.2,0,0,0,4.4,74.5,7.8,12.9,53.9,84.2,Partially cloudy
"Chicago, IL, United States",05/07/2021 00:00:00,46.8,45.4,,33.2,0,0,0,3.7,91.2,7,13.9,37.1,81.4,Partially cloudy
"Chicago, IL, United States",05/07/2021 01:00:00,47,,,33.2,0,0,0,2.9,108,6.3,15,20.2,78.6,Clear
"Chicago, IL, United States",05/07/2021 02:00:00,47.4,46.6,,19,0,0,0,3.1,101.3,5.7,15,39.6,77.8,Partially cloudy
"Chicago, IL, United States",05/07/2021 03:00:00,47.8,46.8,,19,0,0,0,3.4,94.5,5.2,15,59.1,77.1,Partially cloudy
"Chicago, IL, United States",05/07/2021 04:00:00,48.1,47,,19,0,0,0,3.6,87.8,4.7,15,78.5,76.3,Overcast
"Chicago, IL, United States",05/07/2021 05:00:00,48.9,48,,19,0,0,0,3.5,97,5.5,15,57.3,74.2,Partially cloudy
"Chicago, IL, United States",05/07/2021 06:00:00,49.8,49.1,,19,0,0,0,3.4,106.2,6.3,15,36,72.1,Partially cloudy
"Chicago, IL, United States",05/07/2021 07:00:00,50.6,,,19,0,0,0,3.4,115.4,7.2,15,14.8,70,Clear
"Chicago, IL, United States",05/07/2021 08:00:00,55.1,,,23.7,0,0,0,4,125.9,7.8,15,18.9,63.4,Clear
"Chicago, IL, United States",05/07/2021 09:00:00,59.6,,,23.7,0,0,0,4.7,136.5,8.5,15,23,56.8,Clear
"Chicago, IL, United States",05/07/2021 10:00:00,64.1,,,23.7,0,0,0,5.4,147,9.2,15,27.1,50.2,Partially cloudy
"Chicago, IL, United States",05/07/2021 11:00:00,66.8,,,23.7,0,0,0,5.7,130.4,8.6,13.9,51.4,47.5,Partially cloudy
"Chicago, IL, United States",05/07/2021 12:00:00,69.5,,,23.7,0,0,0,6.1,113.7,8.1,12.9,75.7,44.7,Overcast
"Chicago, IL, United States",05/07/2021 13:00:00,72.2,,,23.7,0,0,0,6.5,97.1,7.6,11.8,100,42,Overcast
"Chicago, IL, United States",05/07/2021 14:00:00,72.8,,,19,0,0,0,6.9,97,8.3,12.8,83.3,42.1,Overcast
"Chicago, IL, United States",05/07/2021 15:00:00,73.3,,,19,0,0,0,7.4,96.8,8.9,13.8,66.7,42.3,Partially cloudy
"Chicago, IL, United States",05/07/2021 16:00:00,73.8,,,19,0,0,0,7.8,96.7,9.6,14.7,50,42.4,Partially cloudy
"Chicago, IL, United States",05/07/2021 17:00:00,71.3,,,19,0,0,0,7.3,99.4,10.1,14.7,35.2,47,Partially cloudy
"Chicago, IL, United States",05/07/2021 18:00:00,68.7,,,19,0,0,0,6.8,102.2,10.5,14.7,20.3,51.6,Clear
"Chicago, IL, United States",05/07/2021 19:00:00,66.1,,,19,0,0,0,6.3,104.9,11,14.7,5.5,56.2,Clear
"Chicago, IL, United States",05/07/2021 20:00:00,64.4,,,19,0,0,0,5.6,111.1,10.7,14.8,5.3,60.1,Clear
"Chicago, IL, United States",05/07/2021 21:00:00,62.8,,,19,0,0,0,4.9,117.2,10.5,14.9,5.2,64.1,Clear
"Chicago, IL, United States",05/07/2021 22:00:00,61.1,,,19,0,0,0,4.3,123.4,10.3,15,5,68,Clear
"Chicago, IL, United States",05/07/2021 23:00:00,61.3,,,19,0,0,0,4.5,135.9,10.5,15,33,70.3,Partially cloudy
"Chicago, IL, United States",05/08/2021 00:00:00,61.4,,,19,0,0,0,4.8,148.4,10.7,15,61,72.6,Partially cloudy
"Chicago, IL, United States",05/08/2021 01:00:00,61.6,,,19,0,0,0,5.1,160.9,11,15,89,74.9,Overcast
"Chicago, IL, United States",05/08/2021 02:00:00,,,,,0,,,,,,,,,
"Chicago, IL, United States",05/08/2021 03:00:00,,,,,0,,,,,,,,,
"Chicago, IL, United States",05/08/2021 04:00:00,,,,,0,,,,,,,,,
"Chicago, IL, United States",05/08/2021 05:00:00,,,,,0,,,,,,,,,
"Chicago, IL, United States",05/08/2021 06:00:00,,,,,0,,,,,,,,,
"Chicago, IL, United States",05/08/2021 07:00:00,,,,,0,,,,,,,,,
"Chicago, IL, United States",05/08/2021 08:00:00,,,,,0,,,,,,,,,
"Chicago, IL, United States",05/08/2021 09:00:00,,,,,0,,,,,,,,,
